variant,fold,selection_cutoff,selection_start,family,model,config_id,selection_net_sharpe,selection_annual_turnover,selection_observations,target_vol,gross_cap,ticker_risk_cap,rebalance,rank,selected,selection_reason
nested_expanding,2022,2021-12-31,2020-09-07,time_series,ts_equal_vol360,8d119ac5b9d33d1f6f00,3.1000990847018417,13.580989956137891,481,0.35,1.5,0.1,weekly,1,True,top_three_distinct_models
nested_expanding,2022,2021-12-31,2020-09-07,time_series,ts_shrink_90_frozen_vol360,5cad6b70e9bfd65fa894,3.0759044725074385,13.340519574892797,481,0.35,1.5,0.1,weekly,2,True,top_three_distinct_models
nested_expanding,2022,2021-12-31,2020-09-07,time_series,ts_shrink_80_primary_frozen_vol360,76153a463b33abaf9213,3.0759044725074385,13.340519574892797,481,0.35,1.5,0.1,weekly,3,True,top_three_distinct_models
nested_expanding,2022,2021-12-31,2020-09-07,time_series,ts_shrink_80_primary_annual_vol360,d0573cfee1e73d2d8368,3.0759044725074385,13.340519574892797,481,0.35,1.5,0.1,weekly,4,False,below_top_three
nested_expanding,2022,2021-12-31,2020-09-07,time_series,ts_shrink_90_annual_vol360,f1d5985117bf295b907e,3.0759044725074385,13.340519574892797,481,0.35,1.5,0.1,weekly,5,False,below_top_three
nested_expanding,2022,2021-12-31,2020-09-07,time_series,ts_shrink_75_frozen_vol360,4b764e87eb8231e51d29,3.0654984346367864,13.382519075841913,481,0.35,1.5,0.1,weekly,6,False,below_top_three
nested_expanding,2022,2021-12-31,2020-09-07,time_series,ts_shrink_75_annual_vol360,bf916145ebe037fe0fbc,3.0654984346367864,13.382519075841913,481,0.35,1.5,0.1,weekly,7,False,below_top_three
nested_expanding,2022,2021-12-31,2020-09-07,time_series,ts_shrink_75_quarterly_vol360,88bddd4b7aee42e089b8,2.964805708685833,10.053340967524015,481,0.3,1.5,0.05,weekly,8,False,below_top_three
nested_expanding,2022,2021-12-31,2020-09-07,time_series,ts_shrink_90_quarterly_vol360,663be9b0ca463a627cd7,2.928827940599938,12.4558642875692,481,0.3,1.5,0.35,weekly,9,False,below_top_three
nested_expanding,2022,2021-12-31,2020-09-07,time_series,ts_shrink_80_primary_quarterly_vol360,69c925a06350d1bbb785,2.928827940599938,12.4558642875692,481,0.3,1.5,0.35,weekly,10,False,below_top_three
nested_expanding,2022,2021-12-31,2020-09-07,time_series,ts_shrink_75_semiannual_vol360,1747f1b28279041738b6,2.897122027409197,8.29678701823517,481,0.2,1.0,0.4,weekly,11,False,below_top_three
nested_expanding,2022,2021-12-31,2020-09-07,time_series,ts_shrink_90_semiannual_vol360,9ae32fe71913508784a3,2.8866820363106007,8.186539139688728,481,0.2,1.0,0.35,weekly,12,False,below_top_three
nested_expanding,2022,2021-12-31,2020-09-07,time_series,ts_shrink_80_primary_semiannual_vol360,c3a4fc44d0e094ffb56f,2.8866820363106007,8.186539139688728,481,0.2,1.0,0.35,weekly,13,False,below_top_three
nested_expanding,2022,2021-12-31,2020-09-07,time_series,ts_shrink_80_primary_semiannual_vol60,03d857b6076a7d7e09fc,2.270839199410506,19.29370837172274,481,0.4,1.5,0.3,weekly,14,False,below_top_three
nested_expanding,2022,2021-12-31,2020-09-07,time_series,ts_shrink_90_semiannual_vol60,b0cbb782df659592b8d8,2.270839199410506,19.29370837172274,481,0.4,1.5,0.3,weekly,15,False,below_top_three
nested_expanding,2022,2021-12-31,2020-09-07,time_series,ts_shrink_80_primary_quarterly_vol60,4ed330222e4ded947cbc,2.2623298271465613,19.256011652705983,481,0.4,1.5,0.3,weekly,16,False,below_top_three
nested_expanding,2022,2021-12-31,2020-09-07,time_series,ts_shrink_90_quarterly_vol60,88f3cca9f6f69c407615,2.2623298271465613,19.256011652705983,481,0.4,1.5,0.3,weekly,17,False,below_top_three
nested_expanding,2022,2021-12-31,2020-09-07,time_series,ts_shrink_75_semiannual_vol60,b6b2691cfe60e43b2205,2.2592150634200383,19.377236973509525,481,0.4,1.5,0.2,weekly,18,False,below_top_three
nested_expanding,2022,2021-12-31,2020-09-07,time_series,ts_shrink_75_quarterly_vol60,b118fb6d471a5bc8f5e0,2.2518359180915257,19.336991363681058,481,0.4,1.5,0.2,weekly,19,False,below_top_three
nested_expanding,2022,2021-12-31,2020-09-07,time_series,ts_shrink_90_frozen_vol60,1692c517684c81be94da,2.23269253871831,15.896859874654163,481,0.35,1.5,0.15,weekly,20,False,below_top_three
nested_expanding,2022,2021-12-31,2020-09-07,time_series,ts_shrink_80_primary_frozen_vol60,1fd8a808365df772da5f,2.23269253871831,15.896859874654163,481,0.35,1.5,0.15,weekly,21,False,below_top_three
nested_expanding,2022,2021-12-31,2020-09-07,time_series,ts_shrink_90_annual_vol60,a67838874bf4d9ba23d0,2.23269253871831,15.896859874654163,481,0.35,1.5,0.15,weekly,22,False,below_top_three
nested_expanding,2022,2021-12-31,2020-09-07,time_series,ts_shrink_80_primary_annual_vol60,ce9be82624b649abdc09,2.23269253871831,15.896859874654163,481,0.35,1.5,0.15,weekly,23,False,below_top_three
nested_expanding,2022,2021-12-31,2020-09-07,time_series,ts_shrink_75_annual_vol60,6e01665dc9a415a6cfd8,2.2307252936390207,15.921054900820815,481,0.35,1.5,0.15,weekly,24,False,below_top_three
nested_expanding,2022,2021-12-31,2020-09-07,time_series,ts_shrink_75_frozen_vol60,7383ac8eb4e2388957e9,2.2307252936390207,15.921054900820815,481,0.35,1.5,0.15,weekly,25,False,below_top_three
nested_expanding,2022,2021-12-31,2020-09-07,time_series,ts_equal_vol60,c7aa60979910b607580e,2.212774431014507,19.545338575298228,481,0.4,1.5,0.25,weekly,26,False,below_top_three
nested_expanding,2022,2021-12-31,2020-09-07,time_series,ts_shrink_80_primary_semiannual_vol180,c45a36ab365183a52623,2.1282253675640037,14.192127854157778,481,0.35,1.5,0.3,weekly,27,False,below_top_three
nested_expanding,2022,2021-12-31,2020-09-07,time_series,ts_shrink_90_semiannual_vol180,c9c1f2de28e90bc6e06f,2.1282253675640037,14.192127854157778,481,0.35,1.5,0.3,weekly,28,False,below_top_three
nested_expanding,2022,2021-12-31,2020-09-07,time_series,ts_shrink_80_primary_frozen_vol180,47275d8b2e7f53618eb3,2.1211383833368793,5.317147683381563,481,0.15,1.0,0.25,weekly,29,False,below_top_three
nested_expanding,2022,2021-12-31,2020-09-07,time_series,ts_shrink_90_annual_vol180,6daa27aa96d50d6688a9,2.1211383833368793,5.317147683381563,481,0.15,1.0,0.25,weekly,30,False,below_top_three
nested_expanding,2022,2021-12-31,2020-09-07,time_series,ts_shrink_90_frozen_vol180,7b7d68f0de740a14de81,2.1211383833368793,5.317147683381563,481,0.15,1.0,0.25,weekly,31,False,below_top_three
nested_expanding,2022,2021-12-31,2020-09-07,time_series,ts_shrink_80_primary_annual_vol180,df571453376ceca217fd,2.1211383833368793,5.317147683381563,481,0.15,1.0,0.25,weekly,32,False,below_top_three
nested_expanding,2022,2021-12-31,2020-09-07,time_series,ts_shrink_90_quarterly_vol180,1ed944ebf735fd95d091,2.114706481282195,6.04636944577212,481,0.15,1.0,0.3,weekly,33,False,below_top_three
nested_expanding,2022,2021-12-31,2020-09-07,time_series,ts_shrink_80_primary_quarterly_vol180,8de594e6cd977233573e,2.114706481282195,6.04636944577212,481,0.15,1.0,0.3,weekly,34,False,below_top_three
nested_expanding,2022,2021-12-31,2020-09-07,time_series,ts_shrink_75_semiannual_vol180,f77a4d70889fc0b785de,2.1118851039834583,6.125595371293545,481,0.15,1.0,0.3,weekly,35,False,below_top_three
nested_expanding,2022,2021-12-31,2020-09-07,time_series,ts_shrink_75_frozen_vol180,5259b10e76b9718702d7,2.1080549081618196,5.339337013046018,481,0.15,1.0,0.25,weekly,36,False,below_top_three
nested_expanding,2022,2021-12-31,2020-09-07,time_series,ts_shrink_75_annual_vol180,ab7a14837d3eea5ee9df,2.1080549081618196,5.339337013046018,481,0.15,1.0,0.25,weekly,37,False,below_top_three
nested_expanding,2022,2021-12-31,2020-09-07,time_series,ts_shrink_75_quarterly_vol180,b9fdbf51793a1de41f26,2.099270206402105,6.0936004479757075,481,0.15,1.0,0.3,weekly,38,False,below_top_three
nested_expanding,2022,2021-12-31,2020-09-07,time_series,ts_equal_vol180,8e731ae589adca405807,2.082669057791713,14.263813293942768,481,0.35,1.5,0.15,weekly,39,False,below_top_three
nested_expanding,2022,2021-12-31,2020-09-07,time_series,ts_shrink_80_primary_semiannual_vol90,04ab39ba5a4b6885cc98,1.9152712229284117,8.406296339405191,481,0.2,1.0,0.4,weekly,40,False,below_top_three
nested_expanding,2022,2021-12-31,2020-09-07,time_series,ts_shrink_90_semiannual_vol90,ea46399384f193419393,1.9152712229284117,8.406296339405191,481,0.2,1.0,0.4,weekly,41,False,below_top_three
nested_expanding,2022,2021-12-31,2020-09-07,time_series,ts_shrink_75_semiannual_vol90,7910e22087c465ff7664,1.9057956546083115,6.3228497376947495,481,0.15,1.0,0.25,weekly,42,False,below_top_three
nested_expanding,2022,2021-12-31,2020-09-07,time_series,ts_shrink_80_primary_quarterly_vol90,192525226a7de6cf7a06,1.9032070964918644,10.466327592645861,481,0.25,1.0,0.4,weekly,43,False,below_top_three
nested_expanding,2022,2021-12-31,2020-09-07,time_series,ts_shrink_90_quarterly_vol90,3069a5d5de493aa45b16,1.9032070964918644,10.466327592645861,481,0.25,1.0,0.4,weekly,44,False,below_top_three
nested_expanding,2022,2021-12-31,2020-09-07,time_series,ts_equal_vol90,3f873114a7b39236f6b0,1.8952348009206403,8.710037354288279,481,0.25,1.0,0.05,weekly,45,False,below_top_three
nested_expanding,2022,2021-12-31,2020-09-07,time_series,ts_shrink_75_quarterly_vol90,5553ba6c07cdd9d24fcc,1.8938275508625846,14.701367922076914,481,0.35,1.0,0.25,weekly,46,False,below_top_three
nested_expanding,2022,2021-12-31,2020-09-07,time_series,ts_shrink_90_annual_vol90,1e1d64fc16616b0a526b,1.8822616571010204,7.6634923770265475,481,0.2,1.0,0.25,weekly,47,False,below_top_three
nested_expanding,2022,2021-12-31,2020-09-07,time_series,ts_shrink_90_frozen_vol90,b74ff597a16846082ac5,1.8822616571010204,7.6634923770265475,481,0.2,1.0,0.25,weekly,48,False,below_top_three
nested_expanding,2022,2021-12-31,2020-09-07,time_series,ts_shrink_80_primary_frozen_vol90,e9ae31aae9362793b597,1.8822616571010204,7.6634923770265475,481,0.2,1.0,0.25,weekly,49,False,below_top_three
nested_expanding,2022,2021-12-31,2020-09-07,time_series,ts_shrink_80_primary_annual_vol90,f6261bfc0cb79541ce85,1.8822616571010204,7.6634923770265475,481,0.2,1.0,0.25,weekly,50,False,below_top_three
nested_expanding,2022,2021-12-31,2020-09-07,time_series,ts_shrink_75_annual_vol90,830a809eb8a15107113c,1.8657306921503605,9.599924484477908,481,0.25,1.0,0.25,weekly,51,False,below_top_three
nested_expanding,2022,2021-12-31,2020-09-07,time_series,ts_shrink_75_frozen_vol90,a515eb5ad73d167c3b38,1.8657306921503605,9.599924484477908,481,0.25,1.0,0.25,weekly,52,False,below_top_three
nested_expanding,2023,2022-12-31,2020-09-07,time_series,ts_shrink_80_primary_annual_vol360,7f15e4bc666585a6eccf,1.978140143413741,16.881067701298004,846,0.4,2.5,0.1,weekly,1,True,top_three_distinct_models
nested_expanding,2023,2022-12-31,2020-09-07,time_series,ts_shrink_90_annual_vol360,980a2646c0e3a978d4a2,1.978140143413741,16.881067701298004,846,0.4,2.5,0.1,weekly,2,True,top_three_distinct_models
nested_expanding,2023,2022-12-31,2020-09-07,time_series,ts_shrink_75_annual_vol360,edea3ee73e1fb9069c9a,1.9731047992383846,16.902989752556,846,0.4,2.5,0.1,weekly,3,True,top_three_distinct_models
nested_expanding,2023,2022-12-31,2020-09-07,time_series,ts_shrink_80_primary_frozen_vol360,e30975b60b509c388b6e,1.9656075604123557,16.978941198684595,846,0.4,2.5,0.1,weekly,4,False,below_top_three
nested_expanding,2023,2022-12-31,2020-09-07,time_series,ts_shrink_90_frozen_vol360,f057e7250b006bf85113,1.9656075604123557,16.978941198684595,846,0.4,2.5,0.1,weekly,5,False,below_top_three
nested_expanding,2023,2022-12-31,2020-09-07,time_series,ts_equal_vol360,89b363f0950f8deda8a4,1.9620423913962308,17.332982436039057,846,0.4,2.5,0.1,weekly,6,False,below_top_three
nested_expanding,2023,2022-12-31,2020-09-07,time_series,ts_shrink_75_frozen_vol360,d721b43b6db04fb0b80d,1.959980281258508,17.011376730333783,846,0.4,2.5,0.1,weekly,7,False,below_top_three
nested_expanding,2023,2022-12-31,2020-09-07,time_series,ts_shrink_75_quarterly_vol360,dd1f694f3825c29a8df9,1.9244182262400653,14.941566276633356,846,0.4,2.5,0.05,weekly,8,False,below_top_three
nested_expanding,2023,2022-12-31,2020-09-07,time_series,ts_shrink_90_quarterly_vol360,31570ed4652b5a07dc8e,1.8790478126312504,14.901729860379378,846,0.4,2.5,0.05,weekly,9,False,below_top_three
nested_expanding,2023,2022-12-31,2020-09-07,time_series,ts_shrink_80_primary_quarterly_vol360,d1f025c52004f6dbd8b4,1.8790478126312504,14.901729860379378,846,0.4,2.5,0.05,weekly,10,False,below_top_three
nested_expanding,2023,2022-12-31,2020-09-07,time_series,ts_shrink_80_primary_semiannual_vol360,74539c3893c66c22d9ba,1.8678465656497998,15.013831162776036,846,0.4,2.5,0.05,weekly,11,False,below_top_three
nested_expanding,2023,2022-12-31,2020-09-07,time_series,ts_shrink_90_semiannual_vol360,96852c7dea4705ad9a9d,1.8678465656497998,15.013831162776036,846,0.4,2.5,0.05,weekly,12,False,below_top_three
nested_expanding,2023,2022-12-31,2020-09-07,time_series,ts_shrink_75_semiannual_vol360,e1480f1dcf5524a3b1ff,1.8577938121246478,15.214375835433774,846,0.4,2.5,0.05,weekly,13,False,below_top_three
nested_expanding,2023,2022-12-31,2020-09-07,time_series,ts_shrink_80_primary_frozen_vol180,497708d064e9c42d5527,1.2524608120316187,11.987380159891392,846,0.15,1.0,0.3,daily,14,False,below_top_three
nested_expanding,2023,2022-12-31,2020-09-07,time_series,ts_shrink_90_frozen_vol180,f07f92a018e7fcdc3644,1.2524608120316187,11.987380159891392,846,0.15,1.0,0.3,daily,15,False,below_top_three
nested_expanding,2023,2022-12-31,2020-09-07,time_series,ts_shrink_90_annual_vol180,a6d00542c5afb6158d3f,1.25184615392194,11.960005306477623,846,0.15,1.0,0.3,daily,16,False,below_top_three
nested_expanding,2023,2022-12-31,2020-09-07,time_series,ts_shrink_80_primary_annual_vol180,e1cad1af58f9765c3d65,1.25184615392194,11.960005306477623,846,0.15,1.0,0.3,daily,17,False,below_top_three
nested_expanding,2023,2022-12-31,2020-09-07,time_series,ts_shrink_75_frozen_vol180,4384314de1679ad98ba0,1.2437916370992845,20.00467759329054,846,0.25,1.0,0.3,daily,18,False,below_top_three
nested_expanding,2023,2022-12-31,2020-09-07,time_series,ts_shrink_75_annual_vol180,23a8653f7a58ad30e7d6,1.2428700918958555,11.974324193708206,846,0.15,1.0,0.3,daily,19,False,below_top_three
nested_expanding,2023,2022-12-31,2020-09-07,time_series,ts_shrink_90_semiannual_vol180,9195a346ebcc9462e2fe,1.2332749615087615,10.465615159086115,846,0.25,1.0,0.2,weekly,20,False,below_top_three
nested_expanding,2023,2022-12-31,2020-09-07,time_series,ts_shrink_80_primary_semiannual_vol180,c667b2f93e9027e2f649,1.2332749615087615,10.465615159086115,846,0.25,1.0,0.2,weekly,21,False,below_top_three
nested_expanding,2023,2022-12-31,2020-09-07,time_series,ts_shrink_80_primary_semiannual_vol60,558500d7a5f577699304,1.2272110565337147,12.236848412196332,846,0.25,1.0,0.25,weekly,22,False,below_top_three
nested_expanding,2023,2022-12-31,2020-09-07,time_series,ts_shrink_90_semiannual_vol60,c4e0378d1bd50d4c5025,1.2272110565337147,12.236848412196332,846,0.25,1.0,0.25,weekly,23,False,below_top_three
nested_expanding,2023,2022-12-31,2020-09-07,time_series,ts_shrink_80_primary_quarterly_vol180,34c9159bd1e3b5d8bf76,1.2259330983445786,14.566397734349827,846,0.35,1.5,0.2,weekly,24,False,below_top_three
nested_expanding,2023,2022-12-31,2020-09-07,time_series,ts_shrink_90_quarterly_vol180,ad09b150b5cb72f9b8fc,1.2259330983445786,14.566397734349827,846,0.35,1.5,0.2,weekly,25,False,below_top_three
nested_expanding,2023,2022-12-31,2020-09-07,time_series,ts_shrink_90_quarterly_vol60,02abf23252d60626cefd,1.2259206978117896,12.206179580249533,846,0.25,1.0,0.25,weekly,26,False,below_top_three
nested_expanding,2023,2022-12-31,2020-09-07,time_series,ts_shrink_80_primary_quarterly_vol60,5725c63a4540f816ccf8,1.2259206978117896,12.206179580249533,846,0.25,1.0,0.25,weekly,27,False,below_top_three
nested_expanding,2023,2022-12-31,2020-09-07,time_series,ts_shrink_75_semiannual_vol180,24e4cf0ff0476d24136b,1.220835858244091,14.716902073391035,846,0.35,1.5,0.25,weekly,28,False,below_top_three
nested_expanding,2023,2022-12-31,2020-09-07,time_series,ts_shrink_75_quarterly_vol60,b118fb6d471a5bc8f5e0,1.219225066573004,19.474755538898098,846,0.4,1.5,0.2,weekly,29,False,below_top_three
nested_expanding,2023,2022-12-31,2020-09-07,time_series,ts_shrink_75_semiannual_vol60,b6b2691cfe60e43b2205,1.21879849800803,19.52821737773452,846,0.4,1.5,0.2,weekly,30,False,below_top_three
nested_expanding,2023,2022-12-31,2020-09-07,time_series,ts_shrink_80_primary_annual_vol60,04d806c6a8641d63eebf,1.2171489725318654,23.993716445799162,846,0.25,1.0,0.15,daily,31,False,below_top_three
nested_expanding,2023,2022-12-31,2020-09-07,time_series,ts_shrink_90_annual_vol60,5bab9c92108966a1f993,1.2171489725318654,23.993716445799162,846,0.25,1.0,0.15,daily,32,False,below_top_three
nested_expanding,2023,2022-12-31,2020-09-07,time_series,ts_shrink_75_annual_vol60,602bdcc5685b5a0c6e82,1.2148363266071192,23.995752774003492,846,0.25,1.0,0.15,daily,33,False,below_top_three
nested_expanding,2023,2022-12-31,2020-09-07,time_series,ts_shrink_75_quarterly_vol180,f9785ce6cf32a9596fbb,1.2141496257798947,8.362827173866345,846,0.2,1.0,0.25,weekly,34,False,below_top_three
nested_expanding,2023,2022-12-31,2020-09-07,time_series,ts_equal_vol60,a6376e59f187b5a9c380,1.2093704255537832,9.081993002395762,846,0.2,1.0,0.05,weekly,35,False,below_top_three
nested_expanding,2023,2022-12-31,2020-09-07,time_series,ts_shrink_80_primary_frozen_vol60,526f2123ddf0ef4efbe0,1.2063162337587547,24.133983415692093,846,0.25,1.0,0.15,daily,36,False,below_top_three
nested_expanding,2023,2022-12-31,2020-09-07,time_series,ts_shrink_90_frozen_vol60,bd628ada3d82379e86c9,1.2063162337587547,24.133983415692093,846,0.25,1.0,0.15,daily,37,False,below_top_three
nested_expanding,2023,2022-12-31,2020-09-07,time_series,ts_equal_vol180,8e731ae589adca405807,1.2061606730542647,14.66482708159253,846,0.35,1.5,0.15,weekly,38,False,below_top_three
nested_expanding,2023,2022-12-31,2020-09-07,time_series,ts_shrink_75_frozen_vol60,e2ae04dc21a2eb41b181,1.2044593970117674,24.139869681479727,846,0.25,1.0,0.15,daily,39,False,below_top_three
nested_expanding,2023,2022-12-31,2020-09-07,time_series,ts_shrink_90_annual_vol90,13ea9fc5a49f34618e95,1.131564782616894,34.366467393667044,846,0.4,1.0,0.4,daily,40,False,below_top_three
nested_expanding,2023,2022-12-31,2020-09-07,time_series,ts_shrink_80_primary_annual_vol90,42bca9ab9ebc7dc3431e,1.131564782616894,34.366467393667044,846,0.4,1.0,0.4,daily,41,False,below_top_three
nested_expanding,2023,2022-12-31,2020-09-07,time_series,ts_shrink_90_frozen_vol90,3edf3722f9147f84af34,1.1256704601792415,34.42337933055879,846,0.4,1.0,0.4,daily,42,False,below_top_three
nested_expanding,2023,2022-12-31,2020-09-07,time_series,ts_shrink_80_primary_frozen_vol90,400d77e2bee33900fab9,1.1256704601792415,34.42337933055879,846,0.4,1.0,0.4,daily,43,False,below_top_three
nested_expanding,2023,2022-12-31,2020-09-07,time_series,ts_shrink_75_annual_vol90,b9e583db77c3456f43b6,1.1249520739312655,34.37963674618873,846,0.4,1.0,0.4,daily,44,False,below_top_three
nested_expanding,2023,2022-12-31,2020-09-07,time_series,ts_shrink_75_frozen_vol90,723e7c585de541471ba7,1.1196811086543583,34.434660766428514,846,0.4,1.0,0.4,daily,45,False,below_top_three
nested_expanding,2023,2022-12-31,2020-09-07,time_series,ts_equal_vol90,cb7292970513da3da801,1.0605530144055344,15.377998469072525,846,0.4,1.0,0.05,weekly,46,False,below_top_three
nested_expanding,2023,2022-12-31,2020-09-07,time_series,ts_shrink_75_semiannual_vol90,3f2d99e081f26cfdfa90,1.0513226494494026,15.31894920465196,846,0.4,1.0,0.05,weekly,47,False,below_top_three
nested_expanding,2023,2022-12-31,2020-09-07,time_series,ts_shrink_90_semiannual_vol90,99f4aef00f11d0ddc88b,1.0502571084440446,15.320240789537605,846,0.4,1.0,0.05,weekly,48,False,below_top_three
nested_expanding,2023,2022-12-31,2020-09-07,time_series,ts_shrink_80_primary_semiannual_vol90,d790fbb0ead8d96b492b,1.0502571084440446,15.320240789537605,846,0.4,1.0,0.05,weekly,49,False,below_top_three
nested_expanding,2023,2022-12-31,2020-09-07,time_series,ts_shrink_75_quarterly_vol90,2e285966bf0e1d4e2555,1.049495360658431,15.251945009680847,846,0.4,1.0,0.05,weekly,50,False,below_top_three
nested_expanding,2023,2022-12-31,2020-09-07,time_series,ts_shrink_80_primary_quarterly_vol90,2990f726626a93ef0f61,1.047652745467324,36.993801564391426,846,0.4,1.0,0.4,daily,51,False,below_top_three
nested_expanding,2023,2022-12-31,2020-09-07,time_series,ts_shrink_90_quarterly_vol90,702da0c6137d5bc9fd08,1.047652745467324,36.993801564391426,846,0.4,1.0,0.4,daily,52,False,below_top_three
nested_expanding,2024,2023-12-31,2020-09-07,time_series,ts_equal_vol360,374e56dc5aac7c283c03,1.6713679330339972,18.95745560963993,1211,0.4,2.5,0.05,weekly,1,True,top_three_distinct_models
nested_expanding,2024,2023-12-31,2020-09-07,time_series,ts_shrink_75_frozen_vol360,d16bc2fb4d82f16fb288,1.6551280309629548,18.557054872967097,1211,0.4,2.5,0.05,weekly,2,True,top_three_distinct_models
nested_expanding,2024,2023-12-31,2020-09-07,time_series,ts_shrink_75_annual_vol360,edcc746ea1c0d5200eaf,1.654083233791526,18.930316918423124,1211,0.4,2.5,0.05,weekly,3,True,top_three_distinct_models
nested_expanding,2024,2023-12-31,2020-09-07,time_series,ts_shrink_80_primary_annual_vol360,7f15e4bc666585a6eccf,1.6539796618415799,21.071500415200607,1211,0.4,2.5,0.1,weekly,4,False,below_top_three
nested_expanding,2024,2023-12-31,2020-09-07,time_series,ts_shrink_90_annual_vol360,980a2646c0e3a978d4a2,1.6539796618415799,21.071500415200607,1211,0.4,2.5,0.1,weekly,5,False,below_top_three
nested_expanding,2024,2023-12-31,2020-09-07,time_series,ts_shrink_80_primary_frozen_vol360,e30975b60b509c388b6e,1.6500708784931193,20.74296077601946,1211,0.4,2.5,0.1,weekly,6,False,below_top_three
nested_expanding,2024,2023-12-31,2020-09-07,time_series,ts_shrink_90_frozen_vol360,f057e7250b006bf85113,1.6500708784931193,20.74296077601946,1211,0.4,2.5,0.1,weekly,7,False,below_top_three
nested_expanding,2024,2023-12-31,2020-09-07,time_series,ts_shrink_75_quarterly_vol360,dd1f694f3825c29a8df9,1.6408820296184539,18.698541981788495,1211,0.4,2.5,0.05,weekly,8,False,below_top_three
nested_expanding,2024,2023-12-31,2020-09-07,time_series,ts_shrink_90_quarterly_vol360,31570ed4652b5a07dc8e,1.607125526634314,18.67583085381317,1211,0.4,2.5,0.05,weekly,9,False,below_top_three
nested_expanding,2024,2023-12-31,2020-09-07,time_series,ts_shrink_80_primary_quarterly_vol360,d1f025c52004f6dbd8b4,1.607125526634314,18.67583085381317,1211,0.4,2.5,0.05,weekly,10,False,below_top_three
nested_expanding,2024,2023-12-31,2020-09-07,time_series,ts_shrink_80_primary_semiannual_vol360,74539c3893c66c22d9ba,1.597039552025736,18.763059652303514,1211,0.4,2.5,0.05,weekly,11,False,below_top_three
nested_expanding,2024,2023-12-31,2020-09-07,time_series,ts_shrink_90_semiannual_vol360,96852c7dea4705ad9a9d,1.597039552025736,18.763059652303514,1211,0.4,2.5,0.05,weekly,12,False,below_top_three
nested_expanding,2024,2023-12-31,2020-09-07,time_series,ts_shrink_75_semiannual_vol360,e1480f1dcf5524a3b1ff,1.5904036444996232,18.904640529106825,1211,0.4,2.5,0.05,weekly,13,False,below_top_three
nested_expanding,2024,2023-12-31,2020-09-07,time_series,ts_shrink_80_primary_frozen_vol60,3d29661b06e1274e96f5,1.2363950578963707,18.457696912315654,1211,0.15,1.0,0.2,daily,14,False,below_top_three
nested_expanding,2024,2023-12-31,2020-09-07,time_series,ts_shrink_90_frozen_vol60,931fe169ee0222e095a3,1.2363950578963707,18.457696912315654,1211,0.15,1.0,0.2,daily,15,False,below_top_three
nested_expanding,2024,2023-12-31,2020-09-07,time_series,ts_shrink_75_frozen_vol60,ac5eb960c29954edb7e5,1.2352001608007785,18.460215829703156,1211,0.15,1.0,0.2,daily,16,False,below_top_three
nested_expanding,2024,2023-12-31,2020-09-07,time_series,ts_shrink_90_annual_vol60,5974d1897d814b303e6f,1.224990488776487,18.925164896522677,1211,0.15,1.0,0.2,daily,17,False,below_top_three
nested_expanding,2024,2023-12-31,2020-09-07,time_series,ts_shrink_80_primary_annual_vol60,704c90e96058d1740958,1.224990488776487,18.925164896522677,1211,0.15,1.0,0.2,daily,18,False,below_top_three
nested_expanding,2024,2023-12-31,2020-09-07,time_series,ts_shrink_75_annual_vol60,fe3ddc5c24741b6987c6,1.2227624177834362,31.594701676823465,1211,0.25,1.5,0.2,daily,19,False,below_top_three
nested_expanding,2024,2023-12-31,2020-09-07,time_series,ts_shrink_80_primary_semiannual_vol60,bd3033e993d811fb75f3,1.2011844196008237,32.68628703278036,1211,0.25,1.5,0.4,daily,20,False,below_top_three
nested_expanding,2024,2023-12-31,2020-09-07,time_series,ts_shrink_90_semiannual_vol60,c80b711b2f5fecdb5788,1.2011844196008237,32.68628703278036,1211,0.25,1.5,0.4,daily,21,False,below_top_three
nested_expanding,2024,2023-12-31,2020-09-07,time_series,ts_shrink_90_quarterly_vol60,2f4e492a0e27818aa95b,1.20053399070402,19.620486318863687,1211,0.15,1.0,0.4,daily,22,False,below_top_three
nested_expanding,2024,2023-12-31,2020-09-07,time_series,ts_shrink_80_primary_quarterly_vol60,99459eb1776fadac99ff,1.20053399070402,19.620486318863687,1211,0.15,1.0,0.4,daily,23,False,below_top_three
nested_expanding,2024,2023-12-31,2020-09-07,time_series,ts_shrink_75_quarterly_vol60,89e947a073400fd3c2a2,1.194887854353323,32.79716700638802,1211,0.25,1.5,0.4,daily,24,False,below_top_three
nested_expanding,2024,2023-12-31,2020-09-07,time_series,ts_shrink_75_semiannual_vol60,cfaa91fd9235fd5ba5a2,1.1946465228969685,26.227233165887835,1211,0.2,1.0,0.4,daily,25,False,below_top_three
nested_expanding,2024,2023-12-31,2020-09-07,time_series,ts_shrink_80_primary_frozen_vol180,497708d064e9c42d5527,1.1862431417430361,16.27720873984617,1211,0.15,1.0,0.3,daily,26,False,below_top_three
nested_expanding,2024,2023-12-31,2020-09-07,time_series,ts_shrink_90_frozen_vol180,f07f92a018e7fcdc3644,1.1862431417430361,16.27720873984617,1211,0.15,1.0,0.3,daily,27,False,below_top_three
nested_expanding,2024,2023-12-31,2020-09-07,time_series,ts_equal_vol60,e9d6a14a163309492014,1.1823053930975123,39.570332103309894,1211,0.3,1.5,0.2,daily,28,False,below_top_three
nested_expanding,2024,2023-12-31,2020-09-07,time_series,ts_shrink_75_frozen_vol180,8fa3793ee7cb8ebd309a,1.180213056193213,21.71731813706132,1211,0.2,1.0,0.3,daily,29,False,below_top_three
nested_expanding,2024,2023-12-31,2020-09-07,time_series,ts_shrink_80_primary_annual_vol180,5b693500cb4dd6b93d75,1.1747796494369829,22.426370002134632,1211,0.2,1.0,0.3,daily,30,False,below_top_three
nested_expanding,2024,2023-12-31,2020-09-07,time_series,ts_shrink_90_annual_vol180,9f0c3dc9d4a8bff074ea,1.1747796494369829,22.426370002134632,1211,0.2,1.0,0.3,daily,31,False,below_top_three
nested_expanding,2024,2023-12-31,2020-09-07,time_series,ts_shrink_75_annual_vol180,7f5df9b6da27226d159b,1.1680446622438678,28.10089353553419,1211,0.25,1.0,0.3,daily,32,False,below_top_three
nested_expanding,2024,2023-12-31,2020-09-07,time_series,ts_shrink_80_primary_quarterly_vol180,75db8d6df95f1678b278,1.099677054033857,41.212625258438784,1211,0.35,1.5,0.3,daily,33,False,below_top_three
nested_expanding,2024,2023-12-31,2020-09-07,time_series,ts_shrink_90_quarterly_vol180,fe4cfec91f6d82084353,1.099677054033857,41.212625258438784,1211,0.35,1.5,0.3,daily,34,False,below_top_three
nested_expanding,2024,2023-12-31,2020-09-07,time_series,ts_shrink_90_semiannual_vol180,076a800da3c10564854a,1.0985654662057478,29.5003848925772,1211,0.25,1.0,0.3,daily,35,False,below_top_three
nested_expanding,2024,2023-12-31,2020-09-07,time_series,ts_shrink_80_primary_semiannual_vol180,6fe3b3e839feef0d2224,1.0985654662057478,29.5003848925772,1211,0.25,1.0,0.3,daily,36,False,below_top_three
nested_expanding,2024,2023-12-31,2020-09-07,time_series,ts_shrink_75_quarterly_vol180,53c92509ecffce9315d5,1.0969820909188572,17.721075395997623,1211,0.15,1.0,0.3,daily,37,False,below_top_three
nested_expanding,2024,2023-12-31,2020-09-07,time_series,ts_shrink_75_semiannual_vol180,99ab0000d32ca687331b,1.0955981059618063,41.43146585203983,1211,0.35,1.5,0.3,daily,38,False,below_top_three
nested_expanding,2024,2023-12-31,2020-09-07,time_series,ts_equal_vol180,71dce87818f78370f48a,1.0864451757237679,41.60511080596768,1211,0.35,1.5,0.2,daily,39,False,below_top_three
nested_expanding,2024,2023-12-31,2020-09-07,time_series,ts_shrink_80_primary_frozen_vol90,38900659a6a1f9b46da0,1.006321315236891,28.59394429054922,1211,0.25,1.0,0.4,daily,40,False,below_top_three
nested_expanding,2024,2023-12-31,2020-09-07,time_series,ts_shrink_90_frozen_vol90,b9efac181d454be6d5f4,1.006321315236891,28.59394429054922,1211,0.25,1.0,0.4,daily,41,False,below_top_three
nested_expanding,2024,2023-12-31,2020-09-07,time_series,ts_shrink_75_frozen_vol90,199008f07ba64109c296,1.0021843357973668,28.598876058049353,1211,0.25,1.0,0.35,daily,42,False,below_top_three
nested_expanding,2024,2023-12-31,2020-09-07,time_series,ts_shrink_90_annual_vol90,223258c75821cfc80332,0.988263896001712,29.58389786658288,1211,0.25,1.0,0.4,daily,43,False,below_top_three
nested_expanding,2024,2023-12-31,2020-09-07,time_series,ts_shrink_80_primary_annual_vol90,5fcea45f71cdec54c443,0.988263896001712,29.58389786658288,1211,0.25,1.0,0.35,daily,44,False,below_top_three
nested_expanding,2024,2023-12-31,2020-09-07,time_series,ts_shrink_75_annual_vol90,5185848b1322909ec1ba,0.9823998789783914,29.64152277987946,1211,0.25,1.0,0.35,daily,45,False,below_top_three
nested_expanding,2024,2023-12-31,2020-09-07,time_series,ts_shrink_90_semiannual_vol90,4719c1a6796127461d5d,0.9352854069248404,30.65426589520285,1211,0.25,1.0,0.4,daily,46,False,below_top_three
nested_expanding,2024,2023-12-31,2020-09-07,time_series,ts_shrink_80_primary_semiannual_vol90,69ffcd46017166ab6152,0.9352854069248404,30.65426589520285,1211,0.25,1.0,0.4,daily,47,False,below_top_three
nested_expanding,2024,2023-12-31,2020-09-07,time_series,ts_shrink_80_primary_quarterly_vol90,48600820eda5b436f0fe,0.9327820408133893,30.63805478279845,1211,0.25,1.0,0.4,daily,48,False,below_top_three
nested_expanding,2024,2023-12-31,2020-09-07,time_series,ts_shrink_90_quarterly_vol90,59a6ba8f4ea3fece7d70,0.9327820408133893,30.63805478279845,1211,0.25,1.0,0.4,daily,49,False,below_top_three
nested_expanding,2024,2023-12-31,2020-09-07,time_series,ts_shrink_75_semiannual_vol90,49d13f1577e1e94b5028,0.9321298056527587,30.727911703113953,1211,0.25,1.0,0.35,daily,50,False,below_top_three
nested_expanding,2024,2023-12-31,2020-09-07,time_series,ts_shrink_75_quarterly_vol90,e75b5929e5aebfd00bb9,0.929630029307448,30.71347575087606,1211,0.25,1.0,0.4,daily,51,False,below_top_three
nested_expanding,2024,2023-12-31,2020-09-07,time_series,ts_equal_vol90,5b0b37a58e8d665c07bd,0.919674096204184,30.833974721600644,1211,0.25,1.0,0.15,daily,52,False,below_top_three
nested_expanding,2025,2024-12-31,2020-09-07,time_series,ts_equal_vol360,9d0936cfae8cd357cf01,1.2159313733686297,8.27179969148624,1577,0.15,1.0,0.05,weekly,1,True,top_three_distinct_models
nested_expanding,2025,2024-12-31,2020-09-07,time_series,ts_shrink_90_annual_vol360,2305fe1f330c9f427afd,1.2128933626412362,43.52600464615131,1577,0.35,2.0,0.15,daily,2,True,top_three_distinct_models
nested_expanding,2025,2024-12-31,2020-09-07,time_series,ts_shrink_80_primary_annual_vol360,b793610054fbe02be992,1.2128933626412362,43.52600464615131,1577,0.35,2.0,0.15,daily,3,True,top_three_distinct_models
nested_expanding,2025,2024-12-31,2020-09-07,time_series,ts_shrink_75_annual_vol360,178ee7a8bcf0388fd37e,1.2089117272420373,43.60353955942683,1577,0.35,2.0,0.15,daily,4,False,below_top_three
nested_expanding,2025,2024-12-31,2020-09-07,time_series,ts_shrink_80_primary_frozen_vol360,26a3f2b399291bdde9f3,1.2062181677683421,43.220455162682484,1577,0.35,2.0,0.15,daily,5,False,below_top_three
nested_expanding,2025,2024-12-31,2020-09-07,time_series,ts_shrink_90_frozen_vol360,fa0456fec2c703e3bb02,1.2062181677683421,43.220455162682484,1577,0.35,2.0,0.15,daily,6,False,below_top_three
nested_expanding,2025,2024-12-31,2020-09-07,time_series,ts_shrink_75_frozen_vol360,6734fd464ce2de1b71a4,1.2013484573774247,43.27300744416297,1577,0.35,2.0,0.15,daily,7,False,below_top_three
nested_expanding,2025,2024-12-31,2020-09-07,time_series,ts_shrink_75_quarterly_vol360,a6e8e4a64f1856cb1624,1.1950710837274159,8.200331475962473,1577,0.15,1.0,0.05,weekly,8,False,below_top_three
nested_expanding,2025,2024-12-31,2020-09-07,time_series,ts_shrink_80_primary_quarterly_vol360,22fe744cac3501cc6639,1.1723405254284927,8.195622761862786,1577,0.15,1.0,0.05,weekly,9,False,below_top_three
nested_expanding,2025,2024-12-31,2020-09-07,time_series,ts_shrink_90_quarterly_vol360,b94d1ffda553618a6140,1.1723405254284927,8.195622761862786,1577,0.15,1.0,0.05,weekly,10,False,below_top_three
nested_expanding,2025,2024-12-31,2020-09-07,time_series,ts_shrink_90_semiannual_vol360,29d202e2c28e2e935225,1.1617713615703806,8.229728419492469,1577,0.15,1.0,0.05,weekly,11,False,below_top_three
nested_expanding,2025,2024-12-31,2020-09-07,time_series,ts_shrink_80_primary_semiannual_vol360,67bd444f107cedeec489,1.1617713615703806,8.229728419492469,1577,0.15,1.0,0.05,weekly,12,False,below_top_three
nested_expanding,2025,2024-12-31,2020-09-07,time_series,ts_shrink_75_semiannual_vol360,7865619bee15edf6be5e,1.1572384292539637,8.26833519557752,1577,0.15,1.0,0.05,weekly,13,False,below_top_three
nested_expanding,2025,2024-12-31,2020-09-07,time_series,ts_shrink_90_frozen_vol60,0279c5783001f902fff6,1.135721379429633,45.53093239777539,1577,0.35,2.0,0.2,daily,14,False,below_top_three
nested_expanding,2025,2024-12-31,2020-09-07,time_series,ts_shrink_80_primary_frozen_vol60,b4a1093f31d9e8f50604,1.135721379429633,45.53093239777539,1577,0.35,2.0,0.2,daily,15,False,below_top_three
nested_expanding,2025,2024-12-31,2020-09-07,time_series,ts_shrink_75_frozen_vol60,503ac50967509639b38a,1.1348074380818352,32.52531842199708,1577,0.25,1.5,0.2,daily,16,False,below_top_three
nested_expanding,2025,2024-12-31,2020-09-07,time_series,ts_shrink_80_primary_annual_vol60,2b62be592eb935b0701d,1.1337436751351098,26.987821189487423,1577,0.2,1.5,0.2,daily,17,False,below_top_three
nested_expanding,2025,2024-12-31,2020-09-07,time_series,ts_shrink_90_annual_vol60,e9572145756fa17b7649,1.1337436751351098,26.987821189487423,1577,0.2,1.5,0.2,daily,18,False,below_top_three
nested_expanding,2025,2024-12-31,2020-09-07,time_series,ts_shrink_75_annual_vol60,99eb32060f09f503d164,1.1319887971593163,20.26055875327742,1577,0.15,1.0,0.2,daily,19,False,below_top_three
nested_expanding,2025,2024-12-31,2020-09-07,time_series,ts_shrink_80_primary_semiannual_vol60,bd3033e993d811fb75f3,1.1154190836705087,34.562751177782395,1577,0.25,1.5,0.4,daily,20,False,below_top_three
nested_expanding,2025,2024-12-31,2020-09-07,time_series,ts_shrink_90_semiannual_vol60,c80b711b2f5fecdb5788,1.1154190836705087,34.562751177782395,1577,0.25,1.5,0.4,daily,21,False,below_top_three
nested_expanding,2025,2024-12-31,2020-09-07,time_series,ts_shrink_90_quarterly_vol60,02f0295ba637f2c56354,1.1145748987669704,48.36649881336356,1577,0.35,2.0,0.4,daily,22,False,below_top_three
nested_expanding,2025,2024-12-31,2020-09-07,time_series,ts_shrink_80_primary_quarterly_vol60,f979dae17133d02e32bd,1.1145748987669704,48.36649881336356,1577,0.35,2.0,0.4,daily,23,False,below_top_three
nested_expanding,2025,2024-12-31,2020-09-07,time_series,ts_shrink_75_semiannual_vol60,1e7584e09db29d83ce60,1.1104163191812297,48.487345454685986,1577,0.35,2.0,0.4,daily,24,False,below_top_three
nested_expanding,2025,2024-12-31,2020-09-07,time_series,ts_shrink_75_quarterly_vol60,89e947a073400fd3c2a2,1.1103640282835718,34.61657987435764,1577,0.25,1.5,0.4,daily,25,False,below_top_three
nested_expanding,2025,2024-12-31,2020-09-07,time_series,ts_equal_vol60,e9d6a14a163309492014,1.0997383542405907,41.691544843059056,1577,0.3,1.5,0.2,daily,26,False,below_top_three
nested_expanding,2025,2024-12-31,2020-09-07,time_series,ts_shrink_80_primary_frozen_vol180,497708d064e9c42d5527,0.9990760152993309,17.525584858588193,1577,0.15,1.0,0.3,daily,27,False,below_top_three
nested_expanding,2025,2024-12-31,2020-09-07,time_series,ts_shrink_90_frozen_vol180,f07f92a018e7fcdc3644,0.9990760152993309,17.525584858588193,1577,0.15,1.0,0.3,daily,28,False,below_top_three
nested_expanding,2025,2024-12-31,2020-09-07,time_series,ts_shrink_75_frozen_vol180,efa13cf5bd5aa659066f,0.9943811600335497,17.533862868306016,1577,0.15,1.0,0.3,daily,29,False,below_top_three
nested_expanding,2025,2024-12-31,2020-09-07,time_series,ts_shrink_80_primary_annual_vol180,5b693500cb4dd6b93d75,0.9941684578904821,24.305972347521465,1577,0.2,1.0,0.3,daily,30,False,below_top_three
nested_expanding,2025,2024-12-31,2020-09-07,time_series,ts_shrink_90_annual_vol180,9f0c3dc9d4a8bff074ea,0.9941684578904821,24.305972347521465,1577,0.2,1.0,0.3,daily,31,False,below_top_three
nested_expanding,2025,2024-12-31,2020-09-07,time_series,ts_shrink_75_annual_vol180,23a8653f7a58ad30e7d6,0.989033048414348,18.2552490810192,1577,0.15,1.0,0.3,daily,32,False,below_top_three
nested_expanding,2025,2024-12-31,2020-09-07,time_series,ts_shrink_80_primary_quarterly_vol180,1c1229bdfadfc3f3991f,0.9380597096299378,18.832378631225495,1577,0.15,1.0,0.3,daily,33,False,below_top_three
nested_expanding,2025,2024-12-31,2020-09-07,time_series,ts_shrink_90_quarterly_vol180,30817e3e12fb747a22f1,0.9380597096299378,18.832378631225495,1577,0.15,1.0,0.3,daily,34,False,below_top_three
nested_expanding,2025,2024-12-31,2020-09-07,time_series,ts_shrink_90_semiannual_vol180,076a800da3c10564854a,0.9370749416395805,31.457604248023166,1577,0.25,1.0,0.3,daily,35,False,below_top_three
nested_expanding,2025,2024-12-31,2020-09-07,time_series,ts_shrink_80_primary_semiannual_vol180,6fe3b3e839feef0d2224,0.9370749416395805,31.457604248023166,1577,0.25,1.0,0.3,daily,36,False,below_top_three
nested_expanding,2025,2024-12-31,2020-09-07,time_series,ts_shrink_75_quarterly_vol180,b8a81cad5165ed40d35c,0.9361589651913707,31.458615505251544,1577,0.25,1.0,0.3,daily,37,False,below_top_three
nested_expanding,2025,2024-12-31,2020-09-07,time_series,ts_shrink_75_semiannual_vol180,e8c8da1171f199d8f207,0.9349018964218714,18.915622936118,1577,0.15,1.0,0.3,daily,38,False,below_top_three
nested_expanding,2025,2024-12-31,2020-09-07,time_series,ts_equal_vol180,05ac712364ee7f215f54,0.927785494512947,25.273200152977616,1577,0.2,1.0,0.2,daily,39,False,below_top_three
nested_expanding,2025,2024-12-31,2020-09-07,time_series,ts_shrink_80_primary_frozen_vol90,38900659a6a1f9b46da0,0.922964251751471,29.95701767354752,1577,0.25,1.0,0.4,daily,40,False,below_top_three
nested_expanding,2025,2024-12-31,2020-09-07,time_series,ts_shrink_90_frozen_vol90,b9efac181d454be6d5f4,0.922964251751471,29.95701767354752,1577,0.25,1.0,0.4,daily,41,False,below_top_three
nested_expanding,2025,2024-12-31,2020-09-07,time_series,ts_shrink_75_frozen_vol90,199008f07ba64109c296,0.9198182872171117,29.960804847280816,1577,0.25,1.0,0.35,daily,42,False,below_top_three
nested_expanding,2025,2024-12-31,2020-09-07,time_series,ts_shrink_90_annual_vol90,223258c75821cfc80332,0.9186690174676141,31.305369511990133,1577,0.25,1.0,0.4,daily,43,False,below_top_three
nested_expanding,2025,2024-12-31,2020-09-07,time_series,ts_shrink_80_primary_annual_vol90,b18d6a41ac83762626af,0.9186690174676141,31.305369511990133,1577,0.25,1.0,0.4,daily,44,False,below_top_three
nested_expanding,2025,2024-12-31,2020-09-07,time_series,ts_shrink_75_annual_vol90,5185848b1322909ec1ba,0.9141802795703851,31.34289242861018,1577,0.25,1.0,0.35,daily,45,False,below_top_three
nested_expanding,2025,2024-12-31,2020-09-07,time_series,ts_shrink_90_semiannual_vol90,4719c1a6796127461d5d,0.8791185082852657,32.069314348118404,1577,0.25,1.0,0.4,daily,46,False,below_top_three
nested_expanding,2025,2024-12-31,2020-09-07,time_series,ts_shrink_80_primary_semiannual_vol90,69ffcd46017166ab6152,0.8791185082852657,32.069314348118404,1577,0.25,1.0,0.4,daily,47,False,below_top_three
nested_expanding,2025,2024-12-31,2020-09-07,time_series,ts_shrink_75_semiannual_vol90,49d13f1577e1e94b5028,0.8768475983711719,32.12215429910536,1577,0.25,1.0,0.35,daily,48,False,below_top_three
nested_expanding,2025,2024-12-31,2020-09-07,time_series,ts_shrink_80_primary_quarterly_vol90,48600820eda5b436f0fe,0.8765985911907686,32.038120026529775,1577,0.25,1.0,0.4,daily,49,False,below_top_three
nested_expanding,2025,2024-12-31,2020-09-07,time_series,ts_shrink_90_quarterly_vol90,59a6ba8f4ea3fece7d70,0.8765985911907686,32.038120026529775,1577,0.25,1.0,0.4,daily,50,False,below_top_three
nested_expanding,2025,2024-12-31,2020-09-07,time_series,ts_shrink_75_quarterly_vol90,e75b5929e5aebfd00bb9,0.8743342108675938,32.092339729430705,1577,0.25,1.0,0.4,daily,51,False,below_top_three
nested_expanding,2025,2024-12-31,2020-09-07,time_series,ts_equal_vol90,5b0b37a58e8d665c07bd,0.8662312678619951,32.176639612170646,1577,0.25,1.0,0.15,daily,52,False,below_top_three
nested_expanding,2026_ytd,2025-12-31,2020-09-07,time_series,ts_equal_vol360,9d0936cfae8cd357cf01,1.0179888295203001,8.17177578636415,1942,0.15,1.0,0.05,weekly,1,True,top_three_distinct_models
nested_expanding,2026_ytd,2025-12-31,2020-09-07,time_series,ts_shrink_90_frozen_vol360,4664e92740b9adbda1e5,1.010218680289323,8.696433777196575,1942,0.15,1.0,0.1,weekly,2,True,top_three_distinct_models
nested_expanding,2026_ytd,2025-12-31,2020-09-07,time_series,ts_shrink_80_primary_frozen_vol360,569865d3b6eac0d3f6d7,1.010218680289323,8.696433777196575,1942,0.15,1.0,0.1,weekly,3,True,top_three_distinct_models
nested_expanding,2026_ytd,2025-12-31,2020-09-07,time_series,ts_shrink_75_frozen_vol360,35b261202b3f9857da2f,1.0078368843122374,8.701735300740316,1942,0.15,1.0,0.1,weekly,4,False,below_top_three
nested_expanding,2026_ytd,2025-12-31,2020-09-07,time_series,ts_shrink_80_primary_annual_vol360,cc32e6d2b6f7efde1650,1.0050783173415543,8.774403468741564,1942,0.15,1.0,0.1,weekly,5,False,below_top_three
nested_expanding,2026_ytd,2025-12-31,2020-09-07,time_series,ts_shrink_90_annual_vol360,e61a0b2e11871fd79167,1.0050783173415543,8.774403468741564,1942,0.15,1.0,0.1,weekly,6,False,below_top_three
nested_expanding,2026_ytd,2025-12-31,2020-09-07,time_series,ts_shrink_75_annual_vol360,7846aadedc278b2ef1ab,1.0035753329415256,8.779185068447738,1942,0.15,1.0,0.1,weekly,7,False,below_top_three
nested_expanding,2026_ytd,2025-12-31,2020-09-07,time_series,ts_shrink_75_quarterly_vol360,a6e8e4a64f1856cb1624,1.0004676630739857,8.117161114233133,1942,0.15,1.0,0.05,weekly,8,False,below_top_three
nested_expanding,2026_ytd,2025-12-31,2020-09-07,time_series,ts_shrink_80_primary_quarterly_vol360,22fe744cac3501cc6639,0.9822532060136704,8.114279468081925,1942,0.15,1.0,0.05,weekly,9,False,below_top_three
nested_expanding,2026_ytd,2025-12-31,2020-09-07,time_series,ts_shrink_90_quarterly_vol360,b94d1ffda553618a6140,0.9822532060136704,8.114279468081925,1942,0.15,1.0,0.05,weekly,10,False,below_top_three
nested_expanding,2026_ytd,2025-12-31,2020-09-07,time_series,ts_shrink_90_semiannual_vol360,29d202e2c28e2e935225,0.9721932249617499,8.146402962731415,1942,0.15,1.0,0.05,weekly,11,False,below_top_three
nested_expanding,2026_ytd,2025-12-31,2020-09-07,time_series,ts_shrink_80_primary_semiannual_vol360,67bd444f107cedeec489,0.9721932249617499,8.146402962731415,1942,0.15,1.0,0.05,weekly,12,False,below_top_three
nested_expanding,2026_ytd,2025-12-31,2020-09-07,time_series,ts_shrink_75_semiannual_vol360,7865619bee15edf6be5e,0.9685118978421021,8.17611374004406,1942,0.15,1.0,0.05,weekly,13,False,below_top_three
nested_expanding,2026_ytd,2025-12-31,2020-09-07,time_series,ts_shrink_80_primary_annual_vol60,1120445a88b660688e18,0.9261532444752311,47.77831001120528,1942,0.35,2.0,0.2,daily,14,False,below_top_three
nested_expanding,2026_ytd,2025-12-31,2020-09-07,time_series,ts_shrink_90_annual_vol60,a086c7adf298f043a265,0.9261532444752311,47.77831001120528,1942,0.35,2.0,0.2,daily,15,False,below_top_three
nested_expanding,2026_ytd,2025-12-31,2020-09-07,time_series,ts_shrink_75_annual_vol60,f46bcc4e60fdc39ab077,0.9247205180168476,47.80730826489959,1942,0.35,2.0,0.2,daily,16,False,below_top_three
nested_expanding,2026_ytd,2025-12-31,2020-09-07,time_series,ts_shrink_80_primary_frozen_vol60,3d29661b06e1274e96f5,0.9225290308848118,19.792648355748252,1942,0.15,1.0,0.2,daily,17,False,below_top_three
nested_expanding,2026_ytd,2025-12-31,2020-09-07,time_series,ts_shrink_90_frozen_vol60,931fe169ee0222e095a3,0.9225290308848118,19.792648355748252,1942,0.15,1.0,0.2,daily,18,False,below_top_three
nested_expanding,2026_ytd,2025-12-31,2020-09-07,time_series,ts_shrink_75_frozen_vol60,ac5eb960c29954edb7e5,0.921781485171405,19.794219112142365,1942,0.15,1.0,0.2,daily,19,False,below_top_three
nested_expanding,2026_ytd,2025-12-31,2020-09-07,time_series,ts_shrink_80_primary_semiannual_vol60,41d5607241e4ccbb0328,0.9121075678403522,27.887984897444237,1942,0.2,1.0,0.4,daily,20,False,below_top_three
nested_expanding,2026_ytd,2025-12-31,2020-09-07,time_series,ts_shrink_90_semiannual_vol60,c8517d3b194eee9353c7,0.9121075678403522,27.887984897444237,1942,0.2,1.0,0.4,daily,21,False,below_top_three
nested_expanding,2026_ytd,2025-12-31,2020-09-07,time_series,ts_shrink_90_quarterly_vol60,5074c67eed4b83a6faad,0.9112968655588936,27.863210002335215,1942,0.2,1.0,0.4,daily,22,False,below_top_three
nested_expanding,2026_ytd,2025-12-31,2020-09-07,time_series,ts_shrink_80_primary_quarterly_vol60,80237afdc51e05d72d4b,0.9112968655588936,27.863210002335215,1942,0.2,1.0,0.4,daily,23,False,below_top_three
nested_expanding,2026_ytd,2025-12-31,2020-09-07,time_series,ts_shrink_75_semiannual_vol60,4949205b08ee53101a97,0.9080011082464996,20.948432487105876,1942,0.15,1.0,0.4,daily,24,False,below_top_three
nested_expanding,2026_ytd,2025-12-31,2020-09-07,time_series,ts_shrink_75_quarterly_vol60,89e947a073400fd3c2a2,0.9079060994093268,34.88351654685957,1942,0.25,1.5,0.4,daily,25,False,below_top_three
nested_expanding,2026_ytd,2025-12-31,2020-09-07,time_series,ts_equal_vol60,e9d6a14a163309492014,0.9002961260173361,41.96287348958797,1942,0.3,1.5,0.2,daily,26,False,below_top_three
nested_expanding,2026_ytd,2025-12-31,2020-09-07,time_series,ts_shrink_90_frozen_vol180,5dfb8d0829077ecb0a1e,0.7968306452737156,23.45447463039304,1942,0.2,1.0,0.3,daily,27,False,below_top_three
nested_expanding,2026_ytd,2025-12-31,2020-09-07,time_series,ts_shrink_80_primary_frozen_vol180,c5a9f35f4859733ca061,0.7968306452737156,23.45447463039304,1942,0.2,1.0,0.3,daily,28,False,below_top_three
nested_expanding,2026_ytd,2025-12-31,2020-09-07,time_series,ts_shrink_80_primary_annual_vol180,5b693500cb4dd6b93d75,0.7956129635099148,24.32368797046632,1942,0.2,1.0,0.3,daily,29,False,below_top_three
nested_expanding,2026_ytd,2025-12-31,2020-09-07,time_series,ts_shrink_90_annual_vol180,9f0c3dc9d4a8bff074ea,0.7956129635099148,24.32368797046632,1942,0.2,1.0,0.3,daily,30,False,below_top_three
nested_expanding,2026_ytd,2025-12-31,2020-09-07,time_series,ts_shrink_75_frozen_vol180,4412a48dea19913643fe,0.7929335834777094,29.32929687651051,1942,0.25,1.5,0.3,daily,31,False,below_top_three
nested_expanding,2026_ytd,2025-12-31,2020-09-07,time_series,ts_shrink_75_annual_vol180,7f5df9b6da27226d159b,0.7913775334126579,30.433420320920533,1942,0.25,1.0,0.3,daily,32,False,below_top_three
nested_expanding,2026_ytd,2025-12-31,2020-09-07,time_series,ts_shrink_90_quarterly_vol180,cb2093bcfbedfcc3d1cf,0.750023553578824,24.9967532652486,1942,0.2,1.0,0.3,daily,33,False,below_top_three
nested_expanding,2026_ytd,2025-12-31,2020-09-07,time_series,ts_shrink_80_primary_quarterly_vol180,efcff47f6bef7ecc3f3b,0.750023553578824,24.9967532652486,1942,0.2,1.0,0.3,daily,34,False,below_top_three
nested_expanding,2026_ytd,2025-12-31,2020-09-07,time_series,ts_shrink_90_semiannual_vol180,884bc92923b3f0436858,0.7491814267252941,18.794492966113182,1942,0.15,1.0,0.3,daily,35,False,below_top_three
nested_expanding,2026_ytd,2025-12-31,2020-09-07,time_series,ts_shrink_80_primary_semiannual_vol180,9c1b02f8e6a85eface03,0.7491814267252941,18.794492966113182,1942,0.15,1.0,0.3,daily,36,False,below_top_three
nested_expanding,2026_ytd,2025-12-31,2020-09-07,time_series,ts_shrink_75_quarterly_vol180,53c92509ecffce9315d5,0.7484740403299184,18.780033283985503,1942,0.15,1.0,0.3,daily,37,False,below_top_three
nested_expanding,2026_ytd,2025-12-31,2020-09-07,time_series,ts_shrink_75_semiannual_vol180,e8c8da1171f199d8f207,0.7473978400879372,18.824514650356477,1942,0.15,1.0,0.3,daily,38,False,below_top_three
nested_expanding,2026_ytd,2025-12-31,2020-09-07,time_series,ts_equal_vol180,05ac712364ee7f215f54,0.7423616502850227,25.110280726096597,1942,0.2,1.0,0.2,daily,39,False,below_top_three
nested_expanding,2026_ytd,2025-12-31,2020-09-07,time_series,ts_shrink_90_annual_vol90,223258c75821cfc80332,0.7305097633251654,31.779988630334042,1942,0.25,1.0,0.4,daily,40,False,below_top_three
nested_expanding,2026_ytd,2025-12-31,2020-09-07,time_series,ts_shrink_80_primary_annual_vol90,b18d6a41ac83762626af,0.7305097633251654,31.779988630334042,1942,0.25,1.0,0.4,daily,41,False,below_top_three
nested_expanding,2026_ytd,2025-12-31,2020-09-07,time_series,ts_shrink_80_primary_frozen_vol90,38900659a6a1f9b46da0,0.7298952009836932,30.462725447623576,1942,0.25,1.0,0.4,daily,42,False,below_top_three
nested_expanding,2026_ytd,2025-12-31,2020-09-07,time_series,ts_shrink_90_frozen_vol90,b9efac181d454be6d5f4,0.7298952009836932,30.462725447623576,1942,0.25,1.0,0.4,daily,43,False,below_top_three
nested_expanding,2026_ytd,2025-12-31,2020-09-07,time_series,ts_shrink_75_frozen_vol90,199008f07ba64109c296,0.7273410056645926,30.465800819916563,1942,0.25,1.0,0.35,daily,44,False,below_top_three
nested_expanding,2026_ytd,2025-12-31,2020-09-07,time_series,ts_shrink_75_annual_vol90,3cd9919daaad2b9396d3,0.7268869246268894,31.804202182774183,1942,0.25,1.0,0.4,daily,45,False,below_top_three
nested_expanding,2026_ytd,2025-12-31,2020-09-07,time_series,ts_shrink_80_primary_semiannual_vol90,1f007de0f7517916e941,0.6991070509117044,32.454874790502636,1942,0.25,1.0,0.35,daily,46,False,below_top_three
nested_expanding,2026_ytd,2025-12-31,2020-09-07,time_series,ts_shrink_90_semiannual_vol90,4719c1a6796127461d5d,0.6991070509117044,32.454874790502636,1942,0.25,1.0,0.4,daily,47,False,below_top_three
nested_expanding,2026_ytd,2025-12-31,2020-09-07,time_series,ts_shrink_75_semiannual_vol90,49d13f1577e1e94b5028,0.6972632310129586,32.49366250172508,1942,0.25,1.0,0.35,daily,48,False,below_top_three
nested_expanding,2026_ytd,2025-12-31,2020-09-07,time_series,ts_shrink_90_quarterly_vol90,70ceea8937da093bf53a,0.697060132583486,32.40980284551987,1942,0.25,1.0,0.3,daily,49,False,below_top_three
nested_expanding,2026_ytd,2025-12-31,2020-09-07,time_series,ts_shrink_80_primary_quarterly_vol90,aa23563e446012e11871,0.697060132583486,32.40980284551987,1942,0.25,1.0,0.3,daily,50,False,below_top_three
nested_expanding,2026_ytd,2025-12-31,2020-09-07,time_series,ts_shrink_75_quarterly_vol90,e75b5929e5aebfd00bb9,0.6952771279142738,32.451564611125455,1942,0.25,1.0,0.4,daily,51,False,below_top_three
nested_expanding,2026_ytd,2025-12-31,2020-09-07,time_series,ts_equal_vol90,5b0b37a58e8d665c07bd,0.6898020758536334,32.502173651197936,1942,0.25,1.0,0.15,daily,52,False,below_top_three
nested_expanding,2022,2021-12-31,2020-09-07,breakout,breakout_crypto_equal_semiannual_vol360,9f25cc4286ac0737dad0,3.1141561921857246,7.8314151274487065,481,0.2,3.0,0.2,weekly,1,True,top_three_distinct_models
nested_expanding,2022,2021-12-31,2020-09-07,breakout,breakout_crypto_shrink_90_semiannual_vol360,705aaeffe38ca5707723,3.1135660243689003,7.824975895680377,481,0.2,3.0,0.2,weekly,2,True,top_three_distinct_models
nested_expanding,2022,2021-12-31,2020-09-07,breakout,breakout_crypto_shrink_80_primary_semiannual_vol360,fc5b6bac8bf11b70778f,3.1135660243689003,7.824975895680377,481,0.2,3.0,0.2,weekly,3,True,top_three_distinct_models
nested_expanding,2022,2021-12-31,2020-09-07,breakout,breakout_crypto_shrink_75_semiannual_vol360,35fe4af6d6b83aa4a5eb,3.113404203685967,7.823387897611382,481,0.2,3.0,0.2,weekly,4,False,below_top_three
nested_expanding,2022,2021-12-31,2020-09-07,breakout,breakout_carver5_equal_fixed_fdm_vol360,9dd56f1fa7f3e870b92b,2.9648990086602844,8.408326926358487,481,0.15,3.0,0.35,weekly,5,False,below_top_three
nested_expanding,2022,2021-12-31,2020-09-07,breakout,breakout_carver5_equal_causal_fdm_vol360,5e6df375777539a76eda,2.9648990086602844,8.40832692635849,481,0.15,3.0,0.35,weekly,6,False,below_top_three
nested_expanding,2022,2021-12-31,2020-09-07,breakout,breakout_crypto_equal_quarterly_vol360,5d8755fd0e01ae4a5133,2.9549518501238943,8.293756191265818,481,0.15,3.0,0.35,weekly,7,False,below_top_three
nested_expanding,2022,2021-12-31,2020-09-07,breakout,breakout_crypto_shrink_75_quarterly_vol360,36fd9339ad3118daec84,2.9543911366082924,8.295283700115979,481,0.15,3.0,0.35,weekly,8,False,below_top_three
nested_expanding,2022,2021-12-31,2020-09-07,breakout,breakout_crypto_shrink_80_primary_quarterly_vol360,2296423a142dada6a6a1,2.953374070606293,8.31516061909511,481,0.15,3.0,0.35,weekly,9,False,below_top_three
nested_expanding,2022,2021-12-31,2020-09-07,breakout,breakout_crypto_shrink_90_quarterly_vol360,d60e850ff15685e48f17,2.953374070606293,8.31516061909511,481,0.15,3.0,0.35,weekly,10,False,below_top_three
nested_expanding,2022,2021-12-31,2020-09-07,breakout,breakout_carver5_equal_fixed_fdm_vol60,a6a5c880b241cd23babd,2.0788141364198234,22.86531424952337,481,0.4,1.5,0.15,weekly,11,False,below_top_three
nested_expanding,2022,2021-12-31,2020-09-07,breakout,breakout_carver5_equal_causal_fdm_vol60,7801df71f2ffe0e2e214,2.0619244395330565,22.882804685093145,481,0.4,1.5,0.15,weekly,12,False,below_top_three
nested_expanding,2022,2021-12-31,2020-09-07,breakout,breakout_crypto_equal_quarterly_vol60,128f914db7abb1264745,2.003115715674119,22.59934781493669,481,0.4,1.5,0.15,weekly,13,False,below_top_three
nested_expanding,2022,2021-12-31,2020-09-07,breakout,breakout_crypto_shrink_90_quarterly_vol60,935625a8038ebc10e584,2.0010478415065545,23.04610369308132,481,0.4,1.5,0.15,weekly,14,False,below_top_three
nested_expanding,2022,2021-12-31,2020-09-07,breakout,breakout_crypto_shrink_80_primary_quarterly_vol60,c580e06d4207bc8d9902,2.0010478415065545,23.04610369308132,481,0.4,1.5,0.15,weekly,15,False,below_top_three
nested_expanding,2022,2021-12-31,2020-09-07,breakout,breakout_crypto_shrink_75_quarterly_vol60,b2f9b215903e4cbd137d,2.000071576165038,22.968351796854126,481,0.4,1.5,0.15,weekly,16,False,below_top_three
nested_expanding,2022,2021-12-31,2020-09-07,breakout,breakout_carver5_equal_fixed_fdm_vol180,38a1ad14c53b2337da5f,1.9993652317199129,17.064169427109253,481,0.4,1.0,0.15,weekly,17,False,below_top_three
nested_expanding,2022,2021-12-31,2020-09-07,breakout,breakout_carver5_equal_causal_fdm_vol180,f36a0ad45614891002f2,1.9993652317199124,17.064169427109253,481,0.4,1.0,0.15,weekly,18,False,below_top_three
nested_expanding,2022,2021-12-31,2020-09-07,breakout,breakout_crypto_shrink_75_quarterly_vol180,9c2663128db014932aa5,1.959473883802118,17.01562954588354,481,0.4,1.0,0.15,weekly,19,False,below_top_three
nested_expanding,2022,2021-12-31,2020-09-07,breakout,breakout_crypto_shrink_80_primary_quarterly_vol180,a64da82f33e2379f9a8f,1.9589637930013177,17.091322322241073,481,0.4,1.0,0.15,weekly,20,False,below_top_three
nested_expanding,2022,2021-12-31,2020-09-07,breakout,breakout_crypto_shrink_90_quarterly_vol180,d6925165e00f446141a9,1.9589637930013177,17.091322322241073,481,0.4,1.0,0.15,weekly,21,False,below_top_three
nested_expanding,2022,2021-12-31,2020-09-07,breakout,breakout_crypto_equal_quarterly_vol180,a1b20ed25fd9004dd0b2,1.9541120965500542,16.798736411608306,481,0.4,1.0,0.15,weekly,22,False,below_top_three
nested_expanding,2022,2021-12-31,2020-09-07,breakout,breakout_crypto_shrink_75_semiannual_vol180,d49429ddb088382d5fda,1.9468759719885513,17.000670747949457,481,0.4,1.0,0.15,weekly,23,False,below_top_three
nested_expanding,2022,2021-12-31,2020-09-07,breakout,breakout_crypto_shrink_90_semiannual_vol180,7ce4eda5c03093cd7f92,1.946639882089752,17.075241792398696,481,0.4,1.0,0.15,weekly,24,False,below_top_three
nested_expanding,2022,2021-12-31,2020-09-07,breakout,breakout_crypto_shrink_80_primary_semiannual_vol180,7d337e7cb2cb315a7d5f,1.946639882089752,17.075241792398696,481,0.4,1.0,0.15,weekly,25,False,below_top_three
nested_expanding,2022,2021-12-31,2020-09-07,breakout,breakout_crypto_equal_semiannual_vol180,c521dc446b58bd694cb9,1.941644683190977,16.77000447927321,481,0.4,1.0,0.15,weekly,26,False,below_top_three
nested_expanding,2022,2021-12-31,2020-09-07,breakout,breakout_crypto_shrink_80_primary_frozen_vol60,07df9f567f6959da9c02,1.877250348383039,14.19893412143192,481,0.4,1.0,0.35,weekly,27,False,below_top_three
nested_expanding,2022,2021-12-31,2020-09-07,breakout,breakout_crypto_shrink_90_annual_vol60,149aeae4c8160fbcacc8,1.877250348383039,14.19893412143192,481,0.4,1.0,0.4,weekly,28,False,below_top_three
nested_expanding,2022,2021-12-31,2020-09-07,breakout,breakout_crypto_shrink_90_frozen_vol60,2238a8c8413eaf8c3e2f,1.877250348383039,14.19893412143192,481,0.4,1.0,0.2,weekly,29,False,below_top_three
nested_expanding,2022,2021-12-31,2020-09-07,breakout,breakout_crypto_shrink_80_primary_annual_vol60,50d50e4cd87848c25056,1.877250348383039,14.19893412143192,481,0.4,1.0,0.3,weekly,30,False,below_top_three
nested_expanding,2022,2021-12-31,2020-09-07,breakout,breakout_crypto_shrink_75_frozen_vol60,349d2fd32c07bf7da9c3,1.873006255700429,14.134307291262134,481,0.4,1.0,0.25,weekly,31,False,below_top_three
nested_expanding,2022,2021-12-31,2020-09-07,breakout,breakout_crypto_shrink_75_annual_vol60,38782ac96de7b17992ea,1.873006255700429,14.134307291262134,481,0.4,1.0,0.3,weekly,32,False,below_top_three
nested_expanding,2022,2021-12-31,2020-09-07,breakout,breakout_crypto_equal_frozen_vol60,0884b593f1a5cb340331,1.8667962429046177,14.004179098134266,481,0.4,1.0,0.35,weekly,33,False,below_top_three
nested_expanding,2022,2021-12-31,2020-09-07,breakout,breakout_crypto_equal_annual_vol60,0b39e6d35e8ef4954fec,1.8667962429046177,14.004179098134266,481,0.4,1.0,0.35,weekly,34,False,below_top_three
nested_expanding,2022,2021-12-31,2020-09-07,breakout,breakout_crypto_equal_semiannual_vol60,2feac9f033f1b5f12684,1.8542488912258719,20.737104552605217,481,0.35,1.5,0.15,weekly,35,False,below_top_three
nested_expanding,2022,2021-12-31,2020-09-07,breakout,breakout_crypto_shrink_90_semiannual_vol60,0db990ed512a905f8452,1.850622107799461,14.712357047212901,481,0.25,1.0,0.15,weekly,36,False,below_top_three
nested_expanding,2022,2021-12-31,2020-09-07,breakout,breakout_crypto_shrink_80_primary_semiannual_vol60,28f23f16f8981aa39f7b,1.850622107799461,14.712357047212901,481,0.25,1.0,0.15,weekly,37,False,below_top_three
nested_expanding,2022,2021-12-31,2020-09-07,breakout,breakout_crypto_shrink_75_semiannual_vol60,4dc95c7014598602e294,1.85037919394313,14.660240384616756,481,0.25,1.0,0.15,weekly,38,False,below_top_three
nested_expanding,2022,2021-12-31,2020-09-07,breakout,breakout_carver5_equal_fixed_fdm_vol90,553a558bbefb9a613a31,1.8286610782474209,21.91109779648521,481,0.35,2.0,0.15,weekly,39,False,below_top_three
nested_expanding,2022,2021-12-31,2020-09-07,breakout,breakout_carver5_equal_causal_fdm_vol90,f1551333937ad72c8e85,1.803910662562948,21.997164134067535,481,0.35,2.0,0.15,weekly,40,False,below_top_three
nested_expanding,2022,2021-12-31,2020-09-07,breakout,breakout_crypto_equal_quarterly_vol90,34a93d477470dd84637c,1.7589459585882932,15.843169723266247,481,0.25,1.5,0.15,weekly,41,False,below_top_three
nested_expanding,2022,2021-12-31,2020-09-07,breakout,breakout_crypto_shrink_80_primary_quarterly_vol90,b57a3d4bd3b1633d8267,1.756612593060453,22.184654711567404,481,0.35,2.0,0.15,weekly,42,False,below_top_three
nested_expanding,2022,2021-12-31,2020-09-07,breakout,breakout_crypto_shrink_90_quarterly_vol90,fa925851864a90c95c96,1.756612593060453,22.184654711567404,481,0.35,2.0,0.15,weekly,43,False,below_top_three
nested_expanding,2022,2021-12-31,2020-09-07,breakout,breakout_crypto_shrink_75_quarterly_vol90,bcb901791b5678da301e,1.755728922338183,22.102618790541733,481,0.35,2.0,0.15,weekly,44,False,below_top_three
nested_expanding,2022,2021-12-31,2020-09-07,breakout,breakout_crypto_equal_frozen_vol180,85468fed718209903c0d,1.699937404150544,12.038934036752773,481,0.4,1.0,0.2,weekly,45,False,below_top_three
nested_expanding,2022,2021-12-31,2020-09-07,breakout,breakout_crypto_equal_annual_vol180,b344f08cf5f039a88ac8,1.699937404150544,12.038934036752773,481,0.4,1.0,0.2,weekly,46,False,below_top_three
nested_expanding,2022,2021-12-31,2020-09-07,breakout,breakout_crypto_shrink_90_annual_vol180,8a1bb1b145192e1d1d02,1.6928365626992472,12.39436531792668,481,0.4,1.0,0.2,weekly,47,False,below_top_three
nested_expanding,2022,2021-12-31,2020-09-07,breakout,breakout_crypto_shrink_90_frozen_vol180,8c6add64293a128b52d9,1.6928365626992472,12.39436531792668,481,0.4,1.0,0.2,weekly,48,False,below_top_three
nested_expanding,2022,2021-12-31,2020-09-07,breakout,breakout_crypto_shrink_80_primary_frozen_vol180,8fdfe2d6dcc5342de371,1.6928365626992472,12.39436531792668,481,0.4,1.0,0.2,weekly,49,False,below_top_three
nested_expanding,2022,2021-12-31,2020-09-07,breakout,breakout_crypto_shrink_80_primary_annual_vol180,d1a0e22b36dc1a170b80,1.6928365626992472,12.39436531792668,481,0.4,1.0,0.2,weekly,50,False,below_top_three
nested_expanding,2022,2021-12-31,2020-09-07,breakout,breakout_crypto_shrink_75_annual_vol180,c6be2d131aa5158ed69b,1.6919758476007265,12.295970455993402,481,0.4,1.0,0.2,weekly,51,False,below_top_three
nested_expanding,2022,2021-12-31,2020-09-07,breakout,breakout_crypto_shrink_75_frozen_vol180,e0b46703ce1e098b6a5f,1.6919758476007265,12.295970455993402,481,0.4,1.0,0.2,weekly,52,False,below_top_three
nested_expanding,2022,2021-12-31,2020-09-07,breakout,breakout_crypto_equal_semiannual_vol90,bfc7cc311c887c35d908,1.6713442717993519,25.75055078474907,481,0.4,2.5,0.15,weekly,53,False,below_top_three
nested_expanding,2022,2021-12-31,2020-09-07,breakout,breakout_crypto_shrink_80_primary_semiannual_vol90,77106c967d7cc326553c,1.6700606143701755,16.173989888480172,481,0.25,1.5,0.15,weekly,54,False,below_top_three
nested_expanding,2022,2021-12-31,2020-09-07,breakout,breakout_crypto_shrink_90_semiannual_vol90,a93952f698e53cc0858b,1.6700606143701755,16.173989888480172,481,0.25,1.5,0.15,weekly,55,False,below_top_three
nested_expanding,2022,2021-12-31,2020-09-07,breakout,breakout_crypto_shrink_75_semiannual_vol90,a892c4788bacf2704294,1.6691567320210827,16.111578418963887,481,0.25,1.5,0.15,weekly,56,False,below_top_three
nested_expanding,2022,2021-12-31,2020-09-07,breakout,breakout_crypto_shrink_80_primary_annual_vol90,022e4ff23863f007e31d,1.5965468802608436,12.886226582478063,481,0.4,1.0,0.2,weekly,57,False,below_top_three
nested_expanding,2022,2021-12-31,2020-09-07,breakout,breakout_crypto_shrink_80_primary_frozen_vol90,0ce6edb1c270da22de2b,1.5965468802608436,12.886226582478063,481,0.4,1.0,0.25,weekly,58,False,below_top_three
nested_expanding,2022,2021-12-31,2020-09-07,breakout,breakout_crypto_shrink_90_annual_vol90,1f0cc13d5c1c641abdf6,1.5965468802608436,12.886226582478063,481,0.4,1.0,0.35,weekly,59,False,below_top_three
nested_expanding,2022,2021-12-31,2020-09-07,breakout,breakout_crypto_shrink_90_frozen_vol90,2715789d41f905867fb7,1.5965468802608436,12.886226582478063,481,0.4,1.0,0.3,weekly,60,False,below_top_three
nested_expanding,2022,2021-12-31,2020-09-07,breakout,breakout_crypto_shrink_75_frozen_vol90,11086f755672a0db3c0b,1.5953683759743238,12.821967607057836,481,0.4,1.0,0.25,weekly,61,False,below_top_three
nested_expanding,2022,2021-12-31,2020-09-07,breakout,breakout_crypto_shrink_75_annual_vol90,2bd92942bd0385fc2b10,1.5953683759743238,12.821967607057836,481,0.4,1.0,0.35,weekly,62,False,below_top_three
nested_expanding,2022,2021-12-31,2020-09-07,breakout,breakout_crypto_equal_frozen_vol90,0d005ebde70898642942,1.5893979571245673,12.677677611547098,481,0.4,1.0,0.35,weekly,63,False,below_top_three
nested_expanding,2022,2021-12-31,2020-09-07,breakout,breakout_crypto_equal_annual_vol90,2da0f6a83f9fbec9241a,1.5893979571245673,12.677677611547098,481,0.4,1.0,0.25,weekly,64,False,below_top_three
nested_expanding,2022,2021-12-31,2020-09-07,breakout,breakout_crypto_equal_annual_vol360,8448e143ae1d90d0a3d4,0.9346996023863029,4.51359809359667,481,0.35,1.5,0.4,monthly,65,False,below_top_three
nested_expanding,2022,2021-12-31,2020-09-07,breakout,breakout_crypto_equal_frozen_vol360,b6778c71e53e9fee963a,0.9346996023863029,4.51359809359667,481,0.35,1.5,0.4,monthly,66,False,below_top_three
nested_expanding,2022,2021-12-31,2020-09-07,breakout,breakout_crypto_shrink_75_frozen_vol360,6c1e958f31bc67d67bec,0.9214450474839606,3.305041547689021,481,0.25,1.0,0.4,monthly,67,False,below_top_three
nested_expanding,2022,2021-12-31,2020-09-07,breakout,breakout_crypto_shrink_75_annual_vol360,ca0281ac067a78988899,0.9214450474839606,3.305041547689021,481,0.25,1.0,0.4,monthly,68,False,below_top_three
nested_expanding,2022,2021-12-31,2020-09-07,breakout,breakout_crypto_shrink_80_primary_annual_vol360,02cdea1e70d333dbf6e9,0.9176772091072497,2.0072258004124643,481,0.15,1.0,0.4,monthly,69,False,below_top_three
nested_expanding,2022,2021-12-31,2020-09-07,breakout,breakout_crypto_shrink_90_frozen_vol360,6e188020c30a0088ac49,0.9176772091072497,2.0072258004124643,481,0.15,1.0,0.4,monthly,70,False,below_top_three
nested_expanding,2022,2021-12-31,2020-09-07,breakout,breakout_crypto_shrink_80_primary_frozen_vol360,96ba88033c5c9189f539,0.9176772091072497,2.0072258004124643,481,0.15,1.0,0.4,monthly,71,False,below_top_three
nested_expanding,2022,2021-12-31,2020-09-07,breakout,breakout_crypto_shrink_90_annual_vol360,dd44b8df66195dadf902,0.9176772091072497,2.0072258004124643,481,0.15,1.0,0.4,monthly,72,False,below_top_three
nested_expanding,2023,2022-12-31,2020-09-07,breakout,breakout_crypto_shrink_90_semiannual_vol360,13d3cc723d1f13ced861,2.2198029269855972,6.475995221511687,846,0.15,3.0,0.35,weekly,1,True,top_three_distinct_models
nested_expanding,2023,2022-12-31,2020-09-07,breakout,breakout_crypto_shrink_80_primary_semiannual_vol360,2e3696b70a8e9010df6c,2.2198029269855972,6.475995221511687,846,0.15,3.0,0.25,weekly,2,True,top_three_distinct_models
nested_expanding,2023,2022-12-31,2020-09-07,breakout,breakout_crypto_shrink_75_semiannual_vol360,0d0e881c4c22c46e5f22,2.2189306511774847,6.480600890383617,846,0.15,3.0,0.4,weekly,3,True,top_three_distinct_models
nested_expanding,2023,2022-12-31,2020-09-07,breakout,breakout_crypto_equal_semiannual_vol360,73f50cce7abf36db92b3,2.2161297051868245,6.505369966759312,846,0.15,3.0,0.2,weekly,4,False,below_top_three
nested_expanding,2023,2022-12-31,2020-09-07,breakout,breakout_carver5_equal_fixed_fdm_vol360,9dd56f1fa7f3e870b92b,2.105685796078395,7.324260745230057,846,0.15,3.0,0.35,weekly,5,False,below_top_three
nested_expanding,2023,2022-12-31,2020-09-07,breakout,breakout_carver5_equal_causal_fdm_vol360,5e6df375777539a76eda,2.105685796078395,7.324260745230059,846,0.15,3.0,0.35,weekly,6,False,below_top_three
nested_expanding,2023,2022-12-31,2020-09-07,breakout,breakout_crypto_shrink_80_primary_quarterly_vol360,2296423a142dada6a6a1,2.094242562564754,7.261294800021838,846,0.15,3.0,0.35,weekly,7,False,below_top_three
nested_expanding,2023,2022-12-31,2020-09-07,breakout,breakout_crypto_shrink_90_quarterly_vol360,d60e850ff15685e48f17,2.094242562564754,7.261294800021838,846,0.15,3.0,0.35,weekly,8,False,below_top_three
nested_expanding,2023,2022-12-31,2020-09-07,breakout,breakout_crypto_shrink_75_quarterly_vol360,36fd9339ad3118daec84,2.0936647184716395,7.261505869569324,846,0.15,3.0,0.35,weekly,9,False,below_top_three
nested_expanding,2023,2022-12-31,2020-09-07,breakout,breakout_crypto_equal_quarterly_vol360,5d8755fd0e01ae4a5133,2.0901804981416676,7.291078387109342,846,0.15,3.0,0.35,weekly,10,False,below_top_three
nested_expanding,2023,2022-12-31,2020-09-07,breakout,breakout_carver5_equal_fixed_fdm_vol180,1450b150abdf62ca1408,1.3260941834092805,11.407068358651136,846,0.2,1.5,0.15,weekly,11,False,below_top_three
nested_expanding,2023,2022-12-31,2020-09-07,breakout,breakout_carver5_equal_causal_fdm_vol180,d6509c8bd383e806b5d2,1.3260941834092805,11.407068358651136,846,0.2,1.5,0.15,weekly,12,False,below_top_three
nested_expanding,2023,2022-12-31,2020-09-07,breakout,breakout_crypto_shrink_80_primary_semiannual_vol180,67a92e99ff31f428055f,1.3016191668055388,11.418571966293323,846,0.2,1.5,0.15,weekly,13,False,below_top_three
nested_expanding,2023,2022-12-31,2020-09-07,breakout,breakout_crypto_shrink_90_semiannual_vol180,6d8e3346792a81a4c6c9,1.3016191668055388,11.418571966293323,846,0.2,1.5,0.15,weekly,14,False,below_top_three
nested_expanding,2023,2022-12-31,2020-09-07,breakout,breakout_crypto_shrink_80_primary_quarterly_vol180,0a945842b2a4c22bc966,1.3005528661288401,11.45326748088277,846,0.2,1.5,0.15,weekly,15,False,below_top_three
nested_expanding,2023,2022-12-31,2020-09-07,breakout,breakout_crypto_shrink_90_quarterly_vol180,4b449ee4232ebc3deb56,1.3005528661288401,11.45326748088277,846,0.2,1.5,0.15,weekly,16,False,below_top_three
nested_expanding,2023,2022-12-31,2020-09-07,breakout,breakout_crypto_shrink_75_semiannual_vol180,ae5193cb17d62a17e482,1.3001105145794725,11.388677089204826,846,0.2,1.5,0.15,weekly,17,False,below_top_three
nested_expanding,2023,2022-12-31,2020-09-07,breakout,breakout_crypto_shrink_75_quarterly_vol180,6c3371c66428596881a4,1.2987014758782947,11.427501106958326,846,0.2,1.5,0.15,weekly,18,False,below_top_three
nested_expanding,2023,2022-12-31,2020-09-07,breakout,breakout_crypto_equal_semiannual_vol180,85e99febc4f1f092a567,1.2909733868890767,14.414352405502033,846,0.25,2.0,0.15,weekly,19,False,below_top_three
nested_expanding,2023,2022-12-31,2020-09-07,breakout,breakout_crypto_equal_quarterly_vol180,eba8d124ba7a6c1f5491,1.288903991543525,14.474351160263998,846,0.25,2.0,0.15,weekly,20,False,below_top_three
nested_expanding,2023,2022-12-31,2020-09-07,breakout,breakout_crypto_shrink_75_annual_vol60,ed0d5b31527f19ccdc81,1.2438210254162163,12.122856000317777,846,0.15,1.0,0.15,daily,21,False,below_top_three
nested_expanding,2023,2022-12-31,2020-09-07,breakout,breakout_crypto_equal_annual_vol60,63ecaacbda60ce92aed4,1.2436732131320958,12.025638967550186,846,0.15,1.0,0.15,daily,22,False,below_top_three
nested_expanding,2023,2022-12-31,2020-09-07,breakout,breakout_crypto_shrink_90_annual_vol60,25423486e5420d35a24a,1.2422637237928598,12.159688774161843,846,0.15,1.0,0.15,daily,23,False,below_top_three
nested_expanding,2023,2022-12-31,2020-09-07,breakout,breakout_crypto_shrink_80_primary_annual_vol60,cbb9810187a60cdb2f48,1.2422637237928598,12.159688774161843,846,0.15,1.0,0.15,daily,24,False,below_top_three
nested_expanding,2023,2022-12-31,2020-09-07,breakout,breakout_carver5_equal_fixed_fdm_vol60,e0867af2a4f62da5153e,1.2289175869943116,20.92286319925375,846,0.35,2.0,0.15,weekly,25,False,below_top_three
nested_expanding,2023,2022-12-31,2020-09-07,breakout,breakout_carver5_equal_causal_fdm_vol60,c221e8009c75b813c7f2,1.2165155545484159,20.931711538057815,846,0.35,2.0,0.15,weekly,26,False,below_top_three
nested_expanding,2023,2022-12-31,2020-09-07,breakout,breakout_crypto_shrink_75_frozen_vol60,cadf102ef45d930ccacd,1.1979861416139745,12.254427285926768,846,0.15,1.0,0.15,daily,27,False,below_top_three
nested_expanding,2023,2022-12-31,2020-09-07,breakout,breakout_crypto_equal_frozen_vol60,e3e784f7c97668e68374,1.197665305594391,20.27193710235064,846,0.25,1.5,0.15,daily,28,False,below_top_three
nested_expanding,2023,2022-12-31,2020-09-07,breakout,breakout_crypto_shrink_80_primary_frozen_vol60,4bba7f3131d0792fdc29,1.1964605743230157,16.38481357443886,846,0.2,1.0,0.15,daily,29,False,below_top_three
nested_expanding,2023,2022-12-31,2020-09-07,breakout,breakout_crypto_shrink_90_frozen_vol60,c5ab4811322eaf27f6fd,1.1964605743230157,16.38481357443886,846,0.2,1.0,0.15,daily,30,False,below_top_three
nested_expanding,2023,2022-12-31,2020-09-07,breakout,breakout_crypto_shrink_90_quarterly_vol60,a786971917adc231c036,1.180254239514654,20.995725872509283,846,0.35,2.0,0.15,weekly,31,False,below_top_three
nested_expanding,2023,2022-12-31,2020-09-07,breakout,breakout_crypto_shrink_80_primary_quarterly_vol60,c7daa2ef0d7cd54b571f,1.180254239514654,20.995725872509283,846,0.35,2.0,0.15,weekly,32,False,below_top_three
nested_expanding,2023,2022-12-31,2020-09-07,breakout,breakout_crypto_shrink_75_quarterly_vol60,55a346ee642a0938ce86,1.1758318174594595,20.98999482858681,846,0.35,2.0,0.15,weekly,33,False,below_top_three
nested_expanding,2023,2022-12-31,2020-09-07,breakout,breakout_carver5_equal_fixed_fdm_vol90,2648942b6916c261ea53,1.1674578588496092,8.719259276576622,846,0.15,1.0,0.15,weekly,34,False,below_top_three
nested_expanding,2023,2022-12-31,2020-09-07,breakout,breakout_crypto_equal_quarterly_vol60,051fc3242d964b1536e8,1.1666446630205713,20.832388146363296,846,0.35,2.0,0.15,weekly,35,False,below_top_three
nested_expanding,2023,2022-12-31,2020-09-07,breakout,breakout_carver5_equal_causal_fdm_vol90,fe0483bcaf3ff0ce40f7,1.151323092735446,8.740969044409615,846,0.15,1.0,0.15,weekly,36,False,below_top_three
nested_expanding,2023,2022-12-31,2020-09-07,breakout,breakout_crypto_shrink_90_quarterly_vol90,489b3f1290e9145ef9ec,1.1220600062624648,22.931489540021143,846,0.4,2.5,0.15,weekly,37,False,below_top_three
nested_expanding,2023,2022-12-31,2020-09-07,breakout,breakout_crypto_shrink_80_primary_quarterly_vol90,5090d70287c1cf8f4364,1.1220600062624648,22.931489540021143,846,0.4,2.5,0.15,weekly,38,False,below_top_three
nested_expanding,2023,2022-12-31,2020-09-07,breakout,breakout_crypto_shrink_75_quarterly_vol90,ca816e7324ff9af57bd8,1.1168430054389415,22.910644711631317,846,0.4,2.5,0.15,weekly,39,False,below_top_three
nested_expanding,2023,2022-12-31,2020-09-07,breakout,breakout_crypto_equal_quarterly_vol90,b5ed08e51a81c46f7301,1.1095342717092047,8.692793697926378,846,0.15,1.0,0.15,weekly,40,False,below_top_three
nested_expanding,2023,2022-12-31,2020-09-07,breakout,breakout_crypto_shrink_80_primary_semiannual_vol60,1852181a32db1bbe6419,1.106767728886253,20.85708927675369,846,0.35,2.0,0.15,weekly,41,False,below_top_three
nested_expanding,2023,2022-12-31,2020-09-07,breakout,breakout_crypto_shrink_90_semiannual_vol60,292976d3ccfe8be88c78,1.106767728886253,20.85708927675369,846,0.35,2.0,0.15,weekly,42,False,below_top_three
nested_expanding,2023,2022-12-31,2020-09-07,breakout,breakout_crypto_shrink_75_semiannual_vol60,02702cc7c289f4e71bf7,1.1044228767474442,20.828001277955135,846,0.35,2.0,0.15,weekly,43,False,below_top_three
nested_expanding,2023,2022-12-31,2020-09-07,breakout,breakout_crypto_equal_semiannual_vol60,b80a7bf6dda5e8f62c5c,1.0982890796353277,20.633437591528136,846,0.35,2.0,0.15,weekly,44,False,below_top_three
nested_expanding,2023,2022-12-31,2020-09-07,breakout,breakout_crypto_equal_annual_vol180,d18075e4d8154d9ba2ec,1.0942763025649853,10.78686323463127,846,0.15,1.5,0.2,daily,45,False,below_top_three
nested_expanding,2023,2022-12-31,2020-09-07,breakout,breakout_crypto_shrink_75_annual_vol180,fa634d6201d33d4d89e4,1.0863321991629529,18.300958972036078,846,0.25,2.0,0.2,daily,46,False,below_top_three
nested_expanding,2023,2022-12-31,2020-09-07,breakout,breakout_crypto_shrink_80_primary_annual_vol180,422d6636dd321be3ad05,1.083062425372852,11.035385098751771,846,0.15,1.5,0.2,daily,47,False,below_top_three
nested_expanding,2023,2022-12-31,2020-09-07,breakout,breakout_crypto_shrink_90_annual_vol180,b3ce971e9b67318b955d,1.083062425372852,11.035385098751771,846,0.15,1.5,0.2,daily,48,False,below_top_three
nested_expanding,2023,2022-12-31,2020-09-07,breakout,breakout_crypto_shrink_80_primary_semiannual_vol90,1194d8ee44f4b8b3a400,1.0771766413791495,22.79116707585512,846,0.4,2.5,0.15,weekly,49,False,below_top_three
nested_expanding,2023,2022-12-31,2020-09-07,breakout,breakout_crypto_shrink_90_semiannual_vol90,5805da121fec149c1812,1.0771766413791495,22.79116707585512,846,0.4,2.5,0.15,weekly,50,False,below_top_three
nested_expanding,2023,2022-12-31,2020-09-07,breakout,breakout_crypto_shrink_75_semiannual_vol90,8210ae3b222bef93d9a0,1.0732602578601125,22.75125404311854,846,0.4,2.5,0.15,weekly,51,False,below_top_three
nested_expanding,2023,2022-12-31,2020-09-07,breakout,breakout_crypto_equal_annual_vol90,038e4f86cc49a2062083,1.0719581661132926,11.239004090248413,846,0.15,1.0,0.15,daily,52,False,below_top_three
nested_expanding,2023,2022-12-31,2020-09-07,breakout,breakout_crypto_shrink_75_annual_vol90,a844665c9564961a9155,1.070654846541954,18.91414624663608,846,0.25,1.5,0.15,daily,53,False,below_top_three
nested_expanding,2023,2022-12-31,2020-09-07,breakout,breakout_crypto_shrink_80_primary_annual_vol90,0a6be0d696304e8d63da,1.0676082301596614,11.385911881719514,846,0.15,1.0,0.15,daily,54,False,below_top_three
nested_expanding,2023,2022-12-31,2020-09-07,breakout,breakout_crypto_shrink_90_annual_vol90,b28c3101dd3c63d65851,1.0676082301596614,11.385911881719514,846,0.15,1.0,0.15,daily,55,False,below_top_three
nested_expanding,2023,2022-12-31,2020-09-07,breakout,breakout_crypto_equal_semiannual_vol90,bca0fb85da7dc5838c47,1.06689116465532,8.627368808720405,846,0.15,1.0,0.15,weekly,56,False,below_top_three
nested_expanding,2023,2022-12-31,2020-09-07,breakout,breakout_crypto_equal_frozen_vol180,85468fed718209903c0d,1.0218940084783972,14.436416922944765,846,0.4,1.0,0.2,weekly,57,False,below_top_three
nested_expanding,2023,2022-12-31,2020-09-07,breakout,breakout_crypto_shrink_90_frozen_vol180,8c6add64293a128b52d9,1.017912011888161,14.638884107342655,846,0.4,1.0,0.2,weekly,58,False,below_top_three
nested_expanding,2023,2022-12-31,2020-09-07,breakout,breakout_crypto_shrink_80_primary_frozen_vol180,8fdfe2d6dcc5342de371,1.017912011888161,14.638884107342655,846,0.4,1.0,0.2,weekly,59,False,below_top_three
nested_expanding,2023,2022-12-31,2020-09-07,breakout,breakout_crypto_shrink_75_frozen_vol180,e0b46703ce1e098b6a5f,1.0177510063173891,14.582567459853822,846,0.4,1.0,0.2,weekly,60,False,below_top_three
nested_expanding,2023,2022-12-31,2020-09-07,breakout,breakout_crypto_equal_frozen_vol90,72f560b38409805dbc4b,0.96847337027856,19.34753586832272,846,0.25,1.5,0.15,daily,61,False,below_top_three
nested_expanding,2023,2022-12-31,2020-09-07,breakout,breakout_crypto_shrink_75_frozen_vol90,18038294378401ee8854,0.9675185108310385,19.518311560968158,846,0.25,1.5,0.15,daily,62,False,below_top_three
nested_expanding,2023,2022-12-31,2020-09-07,breakout,breakout_crypto_shrink_80_primary_frozen_vol90,36cffa2dcfb12a4b44e5,0.9644462472023635,27.4066274252202,846,0.35,2.0,0.15,daily,63,False,below_top_three
nested_expanding,2023,2022-12-31,2020-09-07,breakout,breakout_crypto_shrink_90_frozen_vol90,d3ad83bcfb7c9bd27ba3,0.9644462472023635,27.4066274252202,846,0.35,2.0,0.15,daily,64,False,below_top_three
nested_expanding,2023,2022-12-31,2020-09-07,breakout,breakout_crypto_equal_annual_vol360,1619957b42eddb3f85e2,0.64863730062007,3.031706539677874,846,0.2,1.0,0.4,monthly,65,False,below_top_three
nested_expanding,2023,2022-12-31,2020-09-07,breakout,breakout_crypto_shrink_75_annual_vol360,9acc445ffa2d737b8197,0.6403530758417014,5.3712252132675875,846,0.35,1.5,0.4,monthly,66,False,below_top_three
nested_expanding,2023,2022-12-31,2020-09-07,breakout,breakout_crypto_shrink_80_primary_annual_vol360,02cdea1e70d333dbf6e9,0.6378997101561634,2.3162880285169014,846,0.15,1.0,0.4,monthly,67,False,below_top_three
nested_expanding,2023,2022-12-31,2020-09-07,breakout,breakout_crypto_shrink_90_annual_vol360,dd44b8df66195dadf902,0.6378997101561634,2.3162880285169014,846,0.15,1.0,0.4,monthly,68,False,below_top_three
nested_expanding,2023,2022-12-31,2020-09-07,breakout,breakout_crypto_equal_frozen_vol360,e0d4e71e0749e01146ac,0.6342848678239927,10.190423203148123,846,0.35,1.0,0.3,weekly,69,False,below_top_three
nested_expanding,2023,2022-12-31,2020-09-07,breakout,breakout_crypto_shrink_75_frozen_vol360,12982f12f162572a6f0c,0.6304343935873901,10.300173459092901,846,0.35,1.0,0.3,weekly,70,False,below_top_three
nested_expanding,2023,2022-12-31,2020-09-07,breakout,breakout_crypto_shrink_80_primary_frozen_vol360,7bf461907d22250975cf,0.6287507669199731,10.34772708463505,846,0.35,1.0,0.3,weekly,71,False,below_top_three
nested_expanding,2023,2022-12-31,2020-09-07,breakout,breakout_crypto_shrink_90_frozen_vol360,cc3599f8efa1677ee450,0.6287507669199731,10.34772708463505,846,0.35,1.0,0.3,weekly,72,False,below_top_three
nested_expanding,2024,2023-12-31,2020-09-07,breakout,breakout_crypto_shrink_75_semiannual_vol360,0d0e881c4c22c46e5f22,1.8521930419189025,7.971268043753717,1211,0.15,3.0,0.4,weekly,1,True,top_three_distinct_models
nested_expanding,2024,2023-12-31,2020-09-07,breakout,breakout_crypto_shrink_90_semiannual_vol360,13d3cc723d1f13ced861,1.8519706968987406,7.966955083920208,1211,0.15,3.0,0.35,weekly,2,True,top_three_distinct_models
nested_expanding,2024,2023-12-31,2020-09-07,breakout,breakout_crypto_shrink_80_primary_semiannual_vol360,2e3696b70a8e9010df6c,1.8519706968987406,7.966955083920208,1211,0.15,3.0,0.25,weekly,3,True,top_three_distinct_models
nested_expanding,2024,2023-12-31,2020-09-07,breakout,breakout_crypto_equal_semiannual_vol360,73f50cce7abf36db92b3,1.8511090265906134,7.985511752537082,1211,0.15,3.0,0.2,weekly,4,False,below_top_three
nested_expanding,2024,2023-12-31,2020-09-07,breakout,breakout_carver5_equal_causal_fdm_vol360,5e6df375777539a76eda,1.7505362216173583,8.455162049201515,1211,0.15,3.0,0.35,weekly,5,False,below_top_three
nested_expanding,2024,2023-12-31,2020-09-07,breakout,breakout_carver5_equal_fixed_fdm_vol360,9dd56f1fa7f3e870b92b,1.7504495086248908,8.4581785245245,1211,0.15,3.0,0.35,weekly,6,False,below_top_three
nested_expanding,2024,2023-12-31,2020-09-07,breakout,breakout_crypto_equal_quarterly_vol360,5d8755fd0e01ae4a5133,1.7478198307596156,8.51967103923651,1211,0.15,3.0,0.35,weekly,7,False,below_top_three
nested_expanding,2024,2023-12-31,2020-09-07,breakout,breakout_crypto_shrink_75_quarterly_vol360,36fd9339ad3118daec84,1.7466581615414687,8.496707386741969,1211,0.15,3.0,0.35,weekly,8,False,below_top_three
nested_expanding,2024,2023-12-31,2020-09-07,breakout,breakout_crypto_shrink_80_primary_quarterly_vol360,2296423a142dada6a6a1,1.746515865852875,8.497235073387417,1211,0.15,3.0,0.35,weekly,9,False,below_top_three
nested_expanding,2024,2023-12-31,2020-09-07,breakout,breakout_crypto_shrink_90_quarterly_vol360,d60e850ff15685e48f17,1.746515865852875,8.497235073387417,1211,0.15,3.0,0.35,weekly,10,False,below_top_three
nested_expanding,2024,2023-12-31,2020-09-07,breakout,breakout_crypto_equal_annual_vol60,0cf6f6d1be21b1f86fe8,1.220455860288798,28.016856949444193,1211,0.25,1.5,0.15,daily,11,False,below_top_three
nested_expanding,2024,2023-12-31,2020-09-07,breakout,breakout_crypto_shrink_75_annual_vol60,de8d27b2d97d111965d0,1.1777188362806685,39.4409896272252,1211,0.35,2.0,0.15,daily,12,False,below_top_three
nested_expanding,2024,2023-12-31,2020-09-07,breakout,breakout_crypto_shrink_90_annual_vol60,ae0638ecbf302b477ad0,1.174262070073833,22.544103756329342,1211,0.2,1.0,0.15,daily,13,False,below_top_three
nested_expanding,2024,2023-12-31,2020-09-07,breakout,breakout_crypto_shrink_80_primary_annual_vol60,b9195823f6219954ceb3,1.174262070073833,22.544103756329342,1211,0.2,1.0,0.15,daily,14,False,below_top_three
nested_expanding,2024,2023-12-31,2020-09-07,breakout,breakout_carver5_equal_fixed_fdm_vol60,a2924d5b2cb754c462cc,1.1598892148455917,47.97293168155961,1211,0.4,1.5,0.35,daily,15,False,below_top_three
nested_expanding,2024,2023-12-31,2020-09-07,breakout,breakout_carver5_equal_causal_fdm_vol60,201f40747d7587ae72c1,1.1504571723787362,34.955544247312616,1211,0.3,1.0,0.3,daily,16,False,below_top_three
nested_expanding,2024,2023-12-31,2020-09-07,breakout,breakout_crypto_equal_quarterly_vol60,0bce299e313686eec581,1.1492575384997694,48.60586049149785,1211,0.4,1.5,0.4,daily,17,False,below_top_three
nested_expanding,2024,2023-12-31,2020-09-07,breakout,breakout_crypto_shrink_75_quarterly_vol60,1962c6786eea6d32ac4f,1.1409439603160232,35.508915063809425,1211,0.3,1.0,0.25,daily,18,False,below_top_three
nested_expanding,2024,2023-12-31,2020-09-07,breakout,breakout_crypto_shrink_80_primary_quarterly_vol60,028b43b3ed4274940322,1.1395346125245704,35.53268128240244,1211,0.3,1.0,0.35,daily,19,False,below_top_three
nested_expanding,2024,2023-12-31,2020-09-07,breakout,breakout_crypto_shrink_90_quarterly_vol60,41b50dd5edbd98420a27,1.1395346125245704,35.53268128240244,1211,0.3,1.0,0.4,daily,20,False,below_top_three
nested_expanding,2024,2023-12-31,2020-09-07,breakout,breakout_crypto_equal_quarterly_vol180,5de30d0e89a63e804c28,1.1084805851760515,40.48782877828187,1211,0.35,1.5,0.25,daily,21,False,below_top_three
nested_expanding,2024,2023-12-31,2020-09-07,breakout,breakout_carver5_equal_causal_fdm_vol180,ebe2e1e59fc8e3050e8d,1.1061327584800378,40.13138254191876,1211,0.35,1.5,0.25,daily,22,False,below_top_three
nested_expanding,2024,2023-12-31,2020-09-07,breakout,breakout_carver5_equal_fixed_fdm_vol180,d10fa89e0b2023880906,1.1040912189554097,40.123286818884885,1211,0.35,1.5,0.25,daily,23,False,below_top_three
nested_expanding,2024,2023-12-31,2020-09-07,breakout,breakout_crypto_shrink_75_quarterly_vol180,a01a17650da9da7b4761,1.0973737251307014,28.851503012949117,1211,0.25,1.0,0.2,daily,24,False,below_top_three
nested_expanding,2024,2023-12-31,2020-09-07,breakout,breakout_crypto_shrink_90_quarterly_vol180,a1b5ab4ce927c240dbb2,1.0941658060436548,28.90838210955914,1211,0.25,1.0,0.2,daily,25,False,below_top_three
nested_expanding,2024,2023-12-31,2020-09-07,breakout,breakout_crypto_shrink_80_primary_quarterly_vol180,bc5514f0e0fd3228c08e,1.0941658060436548,28.90838210955914,1211,0.25,1.0,0.2,daily,26,False,below_top_three
nested_expanding,2024,2023-12-31,2020-09-07,breakout,breakout_crypto_equal_semiannual_vol180,3dad990c637e5ca5530b,1.0861648304035245,41.055465495041815,1211,0.35,1.5,0.25,daily,27,False,below_top_three
nested_expanding,2024,2023-12-31,2020-09-07,breakout,breakout_crypto_shrink_75_semiannual_vol180,232d28f6c33d6685da53,1.0801443151382957,41.34176458422767,1211,0.35,1.5,0.2,daily,28,False,below_top_three
nested_expanding,2024,2023-12-31,2020-09-07,breakout,breakout_crypto_shrink_90_semiannual_vol180,26bbb6c8db031da6addb,1.075619443463092,29.290756277189747,1211,0.25,1.0,0.2,daily,29,False,below_top_three
nested_expanding,2024,2023-12-31,2020-09-07,breakout,breakout_crypto_shrink_80_primary_semiannual_vol180,81c4045ec1e675b0a251,1.075619443463092,29.290756277189747,1211,0.25,1.0,0.2,daily,30,False,below_top_three
nested_expanding,2024,2023-12-31,2020-09-07,breakout,breakout_crypto_equal_semiannual_vol60,e473f5698bacc382dd05,1.0074922659896643,49.5343626883071,1211,0.4,1.5,0.2,daily,31,False,below_top_three
nested_expanding,2024,2023-12-31,2020-09-07,breakout,breakout_crypto_shrink_75_frozen_vol60,cadf102ef45d930ccacd,1.0042975369339837,16.877103542474448,1211,0.15,1.0,0.15,daily,32,False,below_top_three
nested_expanding,2024,2023-12-31,2020-09-07,breakout,breakout_crypto_equal_frozen_vol60,ae581f8050dfb1d89ec5,1.0039022218176712,16.813346142685774,1211,0.15,1.0,0.15,daily,33,False,below_top_three
nested_expanding,2024,2023-12-31,2020-09-07,breakout,breakout_crypto_equal_annual_vol180,d18075e4d8154d9ba2ec,1.003303523931851,15.40189752900141,1211,0.15,1.5,0.2,daily,34,False,below_top_three
nested_expanding,2024,2023-12-31,2020-09-07,breakout,breakout_crypto_shrink_80_primary_frozen_vol60,5817dcf3d2909928013d,1.0032251081713817,16.900983904351254,1211,0.15,1.0,0.15,daily,35,False,below_top_three
nested_expanding,2024,2023-12-31,2020-09-07,breakout,breakout_crypto_shrink_90_frozen_vol60,e521f214ae4e9dbae73b,1.0032251081713817,16.900983904351254,1211,0.15,1.0,0.15,daily,36,False,below_top_three
nested_expanding,2024,2023-12-31,2020-09-07,breakout,breakout_crypto_shrink_75_semiannual_vol60,0fcda2c300977d91dc5d,1.0020034820585488,49.77311447346566,1211,0.4,1.5,0.2,daily,37,False,below_top_three
nested_expanding,2024,2023-12-31,2020-09-07,breakout,breakout_crypto_shrink_90_semiannual_vol60,195c039a7bbb58d8da1d,0.9971826213912213,49.8308406601083,1211,0.4,1.5,0.2,daily,38,False,below_top_three
nested_expanding,2024,2023-12-31,2020-09-07,breakout,breakout_crypto_shrink_80_primary_semiannual_vol60,546b0fa9c2d1dc43a861,0.9971826213912213,49.8308406601083,1211,0.4,1.5,0.2,daily,39,False,below_top_three
nested_expanding,2024,2023-12-31,2020-09-07,breakout,breakout_crypto_equal_annual_vol90,038e4f86cc49a2062083,0.9604232856477267,16.01169450018078,1211,0.15,1.0,0.15,daily,40,False,below_top_three
nested_expanding,2024,2023-12-31,2020-09-07,breakout,breakout_crypto_shrink_75_annual_vol180,634cf9dddf4f9a18bd1f,0.9600481614605123,15.552124829378407,1211,0.15,1.5,0.2,daily,41,False,below_top_three
nested_expanding,2024,2023-12-31,2020-09-07,breakout,breakout_crypto_shrink_90_annual_vol180,40e6a9759efe5ae1a85d,0.9550570895657109,25.950997740831127,1211,0.25,2.0,0.2,daily,42,False,below_top_three
nested_expanding,2024,2023-12-31,2020-09-07,breakout,breakout_crypto_shrink_80_primary_annual_vol180,e3b07cf8293426e414b7,0.9550570895657109,25.950997740831127,1211,0.25,2.0,0.2,daily,43,False,below_top_three
nested_expanding,2024,2023-12-31,2020-09-07,breakout,breakout_crypto_shrink_75_annual_vol90,a844665c9564961a9155,0.9316865814219906,26.79527349364499,1211,0.25,1.5,0.15,daily,44,False,below_top_three
nested_expanding,2024,2023-12-31,2020-09-07,breakout,breakout_crypto_shrink_90_annual_vol90,b0a056552ec4be129ac2,0.9280154940148443,21.438168635697636,1211,0.2,1.5,0.15,daily,45,False,below_top_three
nested_expanding,2024,2023-12-31,2020-09-07,breakout,breakout_crypto_shrink_80_primary_annual_vol90,e95818c5ad1f2d4c22d6,0.9280154940148443,21.438168635697636,1211,0.2,1.5,0.15,daily,46,False,below_top_three
nested_expanding,2024,2023-12-31,2020-09-07,breakout,breakout_carver5_equal_fixed_fdm_vol90,04f8baf6d28576a5d632,0.8973562630668562,29.365112481976553,1211,0.25,1.0,0.3,daily,47,False,below_top_three
nested_expanding,2024,2023-12-31,2020-09-07,breakout,breakout_carver5_equal_causal_fdm_vol90,1fd83e714eae5ddefb07,0.8841269282864006,29.44063899911905,1211,0.25,1.0,0.25,daily,48,False,below_top_three
nested_expanding,2024,2023-12-31,2020-09-07,breakout,breakout_crypto_equal_quarterly_vol90,39d72d7dbfee454a385b,0.8806126822053685,29.806249983080512,1211,0.25,1.0,0.25,daily,49,False,below_top_three
nested_expanding,2024,2023-12-31,2020-09-07,breakout,breakout_crypto_shrink_75_quarterly_vol90,1ecad4d186d528b76918,0.8713151732253854,29.995697348493692,1211,0.25,1.0,0.25,daily,50,False,below_top_three
nested_expanding,2024,2023-12-31,2020-09-07,breakout,breakout_crypto_shrink_90_quarterly_vol90,14f29c8cb14ecf40bb39,0.8693924574261627,30.029800131696366,1211,0.25,1.0,0.35,daily,51,False,below_top_three
nested_expanding,2024,2023-12-31,2020-09-07,breakout,breakout_crypto_shrink_80_primary_quarterly_vol90,5c993c5648c585432fbd,0.8693924574261627,30.029800131696366,1211,0.25,1.0,0.4,daily,52,False,below_top_three
nested_expanding,2024,2023-12-31,2020-09-07,breakout,breakout_crypto_equal_frozen_vol180,3de4e25439a6003a5689,0.8102779060299138,21.924310740400948,1211,0.2,1.5,0.2,daily,53,False,below_top_three
nested_expanding,2024,2023-12-31,2020-09-07,breakout,breakout_crypto_shrink_75_frozen_vol180,01653e75c1dedc0aa656,0.8054817640273516,16.573285088258,1211,0.15,1.5,0.2,daily,54,False,below_top_three
nested_expanding,2024,2023-12-31,2020-09-07,breakout,breakout_crypto_shrink_90_frozen_vol180,8b716d4a10a34862e765,0.8030112357967182,16.609546584870888,1211,0.15,1.5,0.2,daily,55,False,below_top_three
nested_expanding,2024,2023-12-31,2020-09-07,breakout,breakout_crypto_shrink_80_primary_frozen_vol180,d4a81e7305c68be52dc9,0.8030112357967182,16.609546584870888,1211,0.15,1.5,0.2,daily,56,False,below_top_three
nested_expanding,2024,2023-12-31,2020-09-07,breakout,breakout_crypto_equal_semiannual_vol90,e6caa9078c32c4629d58,0.7900029524714102,30.36202062245991,1211,0.25,1.0,0.2,daily,57,False,below_top_three
nested_expanding,2024,2023-12-31,2020-09-07,breakout,breakout_crypto_shrink_75_semiannual_vol90,729b2b1571e7d14a277f,0.7852692900540743,30.53058360376845,1211,0.25,1.0,0.2,daily,58,False,below_top_three
nested_expanding,2024,2023-12-31,2020-09-07,breakout,breakout_crypto_shrink_80_primary_semiannual_vol90,5f40a22beb7d4ea78d33,0.7817942210704381,30.56859506032012,1211,0.25,1.0,0.2,daily,59,False,below_top_three
nested_expanding,2024,2023-12-31,2020-09-07,breakout,breakout_crypto_shrink_90_semiannual_vol90,999eca72a40a9b67cdd2,0.7817942210704381,30.56859506032012,1211,0.25,1.0,0.2,daily,60,False,below_top_three
nested_expanding,2024,2023-12-31,2020-09-07,breakout,breakout_crypto_equal_frozen_vol90,0965e03f4a899190cb78,0.7285612707514691,22.03191422530556,1211,0.2,1.5,0.15,daily,61,False,below_top_three
nested_expanding,2024,2023-12-31,2020-09-07,breakout,breakout_crypto_shrink_75_frozen_vol90,1455eead7aa76df582f3,0.7282191817970117,16.59551762460828,1211,0.15,1.0,0.15,daily,62,False,below_top_three
nested_expanding,2024,2023-12-31,2020-09-07,breakout,breakout_crypto_shrink_80_primary_frozen_vol90,0ac7f3cfbd28886fbfdc,0.7260242747055023,27.699611959571886,1211,0.25,1.5,0.15,daily,63,False,below_top_three
nested_expanding,2024,2023-12-31,2020-09-07,breakout,breakout_crypto_shrink_90_frozen_vol90,a2da8bc0117fa3f5d460,0.7260242747055023,27.699611959571886,1211,0.25,1.5,0.15,daily,64,False,below_top_three
nested_expanding,2024,2023-12-31,2020-09-07,breakout,breakout_crypto_equal_annual_vol360,0657f9b09146abd3075e,0.5973373004365147,2.934595450177955,1211,0.15,1.0,0.4,monthly,65,False,below_top_three
nested_expanding,2024,2023-12-31,2020-09-07,breakout,breakout_crypto_shrink_75_annual_vol360,ca0281ac067a78988899,0.5930235094137193,4.931025995860361,1211,0.25,1.0,0.4,monthly,66,False,below_top_three
nested_expanding,2024,2023-12-31,2020-09-07,breakout,breakout_crypto_shrink_80_primary_annual_vol360,02cdea1e70d333dbf6e9,0.5916254750634639,2.9669401912858513,1211,0.15,1.0,0.4,monthly,67,False,below_top_three
nested_expanding,2024,2023-12-31,2020-09-07,breakout,breakout_crypto_shrink_90_annual_vol360,dd44b8df66195dadf902,0.5916254750634639,2.9669401912858513,1211,0.15,1.0,0.4,monthly,68,False,below_top_three
nested_expanding,2024,2023-12-31,2020-09-07,breakout,breakout_crypto_equal_frozen_vol360,01a142f595435b755b40,0.24719616339130976,34.60172999721965,1211,0.35,3.0,0.4,daily,69,False,below_top_three
nested_expanding,2024,2023-12-31,2020-09-07,breakout,breakout_crypto_shrink_75_frozen_vol360,59404a5d69bf51c5d912,0.23889789007153578,15.87280307519427,1211,0.35,3.0,0.35,weekly,70,False,below_top_three
nested_expanding,2024,2023-12-31,2020-09-07,breakout,breakout_crypto_shrink_90_frozen_vol360,43a496567f7db8a0bb87,0.23780726295414933,11.376849635561342,1211,0.25,2.5,0.35,weekly,71,False,below_top_three
nested_expanding,2024,2023-12-31,2020-09-07,breakout,breakout_crypto_shrink_80_primary_frozen_vol360,cfef7c57e2ae1b034cbb,0.23780726295414933,11.376849635561342,1211,0.25,2.5,0.35,weekly,72,False,below_top_three
nested_expanding,2025,2024-12-31,2020-09-07,breakout,breakout_crypto_shrink_75_semiannual_vol360,0d0e881c4c22c46e5f22,1.4697957356868525,8.754583532916085,1577,0.15,3.0,0.4,weekly,1,True,top_three_distinct_models
nested_expanding,2025,2024-12-31,2020-09-07,breakout,breakout_crypto_shrink_90_semiannual_vol360,13d3cc723d1f13ced861,1.4694424778572677,8.753461956112329,1577,0.15,3.0,0.35,weekly,2,True,top_three_distinct_models
nested_expanding,2025,2024-12-31,2020-09-07,breakout,breakout_crypto_shrink_80_primary_semiannual_vol360,2e3696b70a8e9010df6c,1.4694424778572677,8.753461956112329,1577,0.15,3.0,0.25,weekly,3,True,top_three_distinct_models
nested_expanding,2025,2024-12-31,2020-09-07,breakout,breakout_crypto_equal_semiannual_vol360,60ad81ad84949b72f5ef,1.4678356757512292,8.76454623618786,1577,0.15,3.0,0.3,weekly,4,False,below_top_three
nested_expanding,2025,2024-12-31,2020-09-07,breakout,breakout_carver5_equal_fixed_fdm_vol360,49e7468bd2ac580642a2,1.4126627563825245,17.524838385851744,1577,0.15,1.5,0.15,daily,5,False,below_top_three
nested_expanding,2025,2024-12-31,2020-09-07,breakout,breakout_carver5_equal_causal_fdm_vol360,a52914268ad042ce95d4,1.4111209199798045,17.517852614472773,1577,0.15,1.5,0.15,daily,6,False,below_top_three
nested_expanding,2025,2024-12-31,2020-09-07,breakout,breakout_crypto_equal_quarterly_vol360,fc323e7abaaf5585dcdc,1.4045095267295216,23.664754990861862,1577,0.2,2.0,0.15,daily,7,False,below_top_three
nested_expanding,2025,2024-12-31,2020-09-07,breakout,breakout_crypto_shrink_75_quarterly_vol360,682d337a41c0acdf10dc,1.4018555711739145,29.537709792505925,1577,0.25,2.5,0.15,daily,8,False,below_top_three
nested_expanding,2025,2024-12-31,2020-09-07,breakout,breakout_crypto_shrink_90_quarterly_vol360,3e09922894800b9cab36,1.401491186820715,29.530522045810965,1577,0.25,2.5,0.15,daily,9,False,below_top_three
nested_expanding,2025,2024-12-31,2020-09-07,breakout,breakout_crypto_shrink_80_primary_quarterly_vol360,e7b6ac8c148b8ea7804c,1.401491186820715,29.530522045810965,1577,0.25,2.5,0.15,daily,10,False,below_top_three
nested_expanding,2025,2024-12-31,2020-09-07,breakout,breakout_crypto_equal_annual_vol60,0cf6f6d1be21b1f86fe8,1.130755309226015,29.519350351378296,1577,0.25,1.5,0.15,daily,11,False,below_top_three
nested_expanding,2025,2024-12-31,2020-09-07,breakout,breakout_crypto_shrink_75_annual_vol60,de8d27b2d97d111965d0,1.09969308193249,41.550782363457856,1577,0.35,2.0,0.15,daily,12,False,below_top_three
nested_expanding,2025,2024-12-31,2020-09-07,breakout,breakout_crypto_shrink_90_annual_vol60,ae0638ecbf302b477ad0,1.096933928977843,23.757165830433724,1577,0.2,1.0,0.15,daily,13,False,below_top_three
nested_expanding,2025,2024-12-31,2020-09-07,breakout,breakout_crypto_shrink_80_primary_annual_vol60,b9195823f6219954ceb3,1.096933928977843,23.757165830433724,1577,0.2,1.0,0.15,daily,14,False,below_top_three
nested_expanding,2025,2024-12-31,2020-09-07,breakout,breakout_carver5_equal_fixed_fdm_vol60,169a12cf88787704e93f,1.064651301985447,36.03395095154278,1577,0.3,1.0,0.4,daily,15,False,below_top_three
nested_expanding,2025,2024-12-31,2020-09-07,breakout,breakout_crypto_equal_quarterly_vol60,98e85b62c180d93253eb,1.0577927810421683,36.515900410227715,1577,0.3,1.0,0.4,daily,16,False,below_top_three
nested_expanding,2025,2024-12-31,2020-09-07,breakout,breakout_carver5_equal_causal_fdm_vol60,201f40747d7587ae72c1,1.057078889334782,36.06635985545608,1577,0.3,1.0,0.3,daily,17,False,below_top_three
nested_expanding,2025,2024-12-31,2020-09-07,breakout,breakout_crypto_shrink_75_quarterly_vol60,1962c6786eea6d32ac4f,1.0512514648719282,36.644327669008135,1577,0.3,1.0,0.25,daily,18,False,below_top_three
nested_expanding,2025,2024-12-31,2020-09-07,breakout,breakout_crypto_shrink_80_primary_quarterly_vol60,028b43b3ed4274940322,1.0497995339611965,36.67215976690479,1577,0.3,1.0,0.35,daily,19,False,below_top_three
nested_expanding,2025,2024-12-31,2020-09-07,breakout,breakout_crypto_shrink_90_quarterly_vol60,41b50dd5edbd98420a27,1.0497995339611965,36.67215976690479,1577,0.3,1.0,0.4,daily,20,False,below_top_three
nested_expanding,2025,2024-12-31,2020-09-07,breakout,breakout_crypto_equal_frozen_vol60,281f299b0fd84a80a51f,0.9785914070803688,48.288161989546474,1577,0.4,1.5,0.15,daily,21,False,below_top_three
nested_expanding,2025,2024-12-31,2020-09-07,breakout,breakout_crypto_shrink_75_frozen_vol60,cadf102ef45d930ccacd,0.9779767882377775,18.61479785623153,1577,0.15,1.0,0.15,daily,22,False,below_top_three
nested_expanding,2025,2024-12-31,2020-09-07,breakout,breakout_crypto_shrink_80_primary_frozen_vol60,5817dcf3d2909928013d,0.9771593395506498,18.633135918315123,1577,0.15,1.0,0.15,daily,23,False,below_top_three
nested_expanding,2025,2024-12-31,2020-09-07,breakout,breakout_crypto_shrink_90_frozen_vol60,e521f214ae4e9dbae73b,0.9771593395506498,18.633135918315123,1577,0.15,1.0,0.15,daily,24,False,below_top_three
nested_expanding,2025,2024-12-31,2020-09-07,breakout,breakout_crypto_equal_quarterly_vol180,10e8e9d039a182db847e,0.9547647196513925,36.30234596395979,1577,0.3,1.5,0.25,daily,25,False,below_top_three
nested_expanding,2025,2024-12-31,2020-09-07,breakout,breakout_carver5_equal_fixed_fdm_vol180,43ee605df44db42072ed,0.9519687909865824,35.93367016184688,1577,0.3,1.5,0.25,daily,26,False,below_top_three
nested_expanding,2025,2024-12-31,2020-09-07,breakout,breakout_carver5_equal_causal_fdm_vol180,2226986730271aac31f3,0.9512668593996756,23.95651426953368,1577,0.2,1.0,0.25,daily,27,False,below_top_three
nested_expanding,2025,2024-12-31,2020-09-07,breakout,breakout_crypto_equal_semiannual_vol60,e473f5698bacc382dd05,0.9443813874640167,50.38275802739623,1577,0.4,1.5,0.2,daily,28,False,below_top_three
nested_expanding,2025,2024-12-31,2020-09-07,breakout,breakout_crypto_shrink_75_quarterly_vol180,f770c178d7d5cf05fd45,0.9442812470903938,36.56582159864066,1577,0.3,1.5,0.2,daily,29,False,below_top_three
nested_expanding,2025,2024-12-31,2020-09-07,breakout,breakout_crypto_shrink_90_quarterly_vol180,074ab1c48dec201a58f5,0.9409924127626086,24.423431258932197,1577,0.2,1.0,0.2,daily,30,False,below_top_three
nested_expanding,2025,2024-12-31,2020-09-07,breakout,breakout_crypto_shrink_80_primary_quarterly_vol180,cee475613491bbfa6c44,0.9409924127626086,24.423431258932197,1577,0.2,1.0,0.2,daily,31,False,below_top_three
nested_expanding,2025,2024-12-31,2020-09-07,breakout,breakout_crypto_shrink_75_semiannual_vol60,0fcda2c300977d91dc5d,0.9407944957918638,50.57450528742228,1577,0.4,1.5,0.2,daily,32,False,below_top_three
nested_expanding,2025,2024-12-31,2020-09-07,breakout,breakout_crypto_equal_semiannual_vol180,f80956a0f395144d6f72,0.9396578462701737,36.68789316762601,1577,0.3,1.5,0.25,daily,33,False,below_top_three
nested_expanding,2025,2024-12-31,2020-09-07,breakout,breakout_crypto_shrink_90_semiannual_vol60,195c039a7bbb58d8da1d,0.9369523902825133,50.63091936506132,1577,0.4,1.5,0.2,daily,34,False,below_top_three
nested_expanding,2025,2024-12-31,2020-09-07,breakout,breakout_crypto_shrink_80_primary_semiannual_vol60,546b0fa9c2d1dc43a861,0.9369523902825133,50.63091936506132,1577,0.4,1.5,0.2,daily,35,False,below_top_three
nested_expanding,2025,2024-12-31,2020-09-07,breakout,breakout_crypto_shrink_75_semiannual_vol180,7ce817b8bb6f0f8b4249,0.934354505851903,36.923791319684234,1577,0.3,1.5,0.2,daily,36,False,below_top_three
nested_expanding,2025,2024-12-31,2020-09-07,breakout,breakout_crypto_shrink_90_semiannual_vol180,35756ceed5a8f26e857b,0.9303425916809799,24.658523467135634,1577,0.2,1.0,0.2,daily,37,False,below_top_three
nested_expanding,2025,2024-12-31,2020-09-07,breakout,breakout_crypto_shrink_80_primary_semiannual_vol180,470d58f099d8c3e4b2a0,0.9303425916809799,24.658523467135634,1577,0.2,1.0,0.2,daily,38,False,below_top_three
nested_expanding,2025,2024-12-31,2020-09-07,breakout,breakout_crypto_equal_annual_vol180,d18075e4d8154d9ba2ec,0.9111529804994197,16.283949614277834,1577,0.15,1.5,0.2,daily,39,False,below_top_three
nested_expanding,2025,2024-12-31,2020-09-07,breakout,breakout_crypto_equal_annual_vol90,c878a110c75be27d1e11,0.9075450428294863,38.62606752308585,1577,0.35,2.0,0.15,daily,40,False,below_top_three
nested_expanding,2025,2024-12-31,2020-09-07,breakout,breakout_crypto_shrink_75_annual_vol90,130d58985783dd2c9e46,0.8852551564172774,22.164927562525925,1577,0.2,1.5,0.15,daily,41,False,below_top_three
nested_expanding,2025,2024-12-31,2020-09-07,breakout,breakout_crypto_shrink_80_primary_annual_vol90,0a6be0d696304e8d63da,0.8823572214594769,16.631190579094866,1577,0.15,1.0,0.15,daily,42,False,below_top_three
nested_expanding,2025,2024-12-31,2020-09-07,breakout,breakout_crypto_shrink_90_annual_vol90,b28c3101dd3c63d65851,0.8823572214594769,16.631190579094866,1577,0.15,1.0,0.15,daily,43,False,below_top_three
nested_expanding,2025,2024-12-31,2020-09-07,breakout,breakout_crypto_shrink_75_annual_vol180,bb94f450461178a901b4,0.876804577040391,21.89842170946531,1577,0.2,2.0,0.2,daily,44,False,below_top_three
nested_expanding,2025,2024-12-31,2020-09-07,breakout,breakout_crypto_shrink_90_annual_vol180,4c2492ab326a72ef126e,0.8727161868352716,21.92575182890068,1577,0.2,2.0,0.2,daily,45,False,below_top_three
nested_expanding,2025,2024-12-31,2020-09-07,breakout,breakout_crypto_shrink_80_primary_annual_vol180,c96d1227d350bab939de,0.8727161868352716,21.92575182890068,1577,0.2,2.0,0.2,daily,46,False,below_top_three
nested_expanding,2025,2024-12-31,2020-09-07,breakout,breakout_carver5_equal_fixed_fdm_vol90,04f8baf6d28576a5d632,0.8379243314958836,29.582998960119163,1577,0.25,1.0,0.3,daily,47,False,below_top_three
nested_expanding,2025,2024-12-31,2020-09-07,breakout,breakout_carver5_equal_causal_fdm_vol90,1fd83e714eae5ddefb07,0.8273082083312595,29.630704844049404,1577,0.25,1.0,0.25,daily,48,False,below_top_three
nested_expanding,2025,2024-12-31,2020-09-07,breakout,breakout_crypto_equal_quarterly_vol90,39d72d7dbfee454a385b,0.8270490152449635,30.016578139558362,1577,0.25,1.0,0.25,daily,49,False,below_top_three
nested_expanding,2025,2024-12-31,2020-09-07,breakout,breakout_crypto_shrink_75_quarterly_vol90,1ecad4d186d528b76918,0.818816950318206,30.17923206090881,1577,0.25,1.0,0.25,daily,50,False,below_top_three
nested_expanding,2025,2024-12-31,2020-09-07,breakout,breakout_crypto_shrink_90_quarterly_vol90,14f29c8cb14ecf40bb39,0.816871273153003,30.214287861894384,1577,0.25,1.0,0.35,daily,51,False,below_top_three
nested_expanding,2025,2024-12-31,2020-09-07,breakout,breakout_crypto_shrink_80_primary_quarterly_vol90,5c993c5648c585432fbd,0.816871273153003,30.214287861894384,1577,0.25,1.0,0.4,daily,52,False,below_top_three
nested_expanding,2025,2024-12-31,2020-09-07,breakout,breakout_crypto_equal_frozen_vol180,cd6045ac73a6d73c2554,0.7558273267636447,18.394401805075393,1577,0.15,1.5,0.2,daily,53,False,below_top_three
nested_expanding,2025,2024-12-31,2020-09-07,breakout,breakout_crypto_equal_frozen_vol90,0965e03f4a899190cb78,0.753402171088225,23.78123530697476,1577,0.2,1.5,0.15,daily,54,False,below_top_three
nested_expanding,2025,2024-12-31,2020-09-07,breakout,breakout_crypto_shrink_75_frozen_vol90,c92ab172aee609373c93,0.7531153243360822,23.854526998602115,1577,0.2,1.5,0.15,daily,55,False,below_top_three
nested_expanding,2025,2024-12-31,2020-09-07,breakout,breakout_crypto_shrink_75_frozen_vol180,01653e75c1dedc0aa656,0.7522554425598936,18.494270550741007,1577,0.15,1.5,0.2,daily,56,False,below_top_three
nested_expanding,2025,2024-12-31,2020-09-07,breakout,breakout_crypto_shrink_90_frozen_vol90,4f44f7ed3238d036975e,0.7514364472064358,17.909516816845642,1577,0.15,1.0,0.15,daily,57,False,below_top_three
nested_expanding,2025,2024-12-31,2020-09-07,breakout,breakout_crypto_shrink_80_primary_frozen_vol90,e3866f47ced42974affe,0.7514364472064358,17.909516816845642,1577,0.15,1.0,0.15,daily,58,False,below_top_three
nested_expanding,2025,2024-12-31,2020-09-07,breakout,breakout_crypto_shrink_90_frozen_vol180,8b716d4a10a34862e765,0.7503358733155845,18.522116257867765,1577,0.15,1.5,0.2,daily,59,False,below_top_three
nested_expanding,2025,2024-12-31,2020-09-07,breakout,breakout_crypto_shrink_80_primary_frozen_vol180,d4a81e7305c68be52dc9,0.7503358733155845,18.522116257867765,1577,0.15,1.5,0.2,daily,60,False,below_top_three
nested_expanding,2025,2024-12-31,2020-09-07,breakout,breakout_crypto_equal_semiannual_vol90,e6caa9078c32c4629d58,0.7404715923842853,30.43045295847414,1577,0.25,1.0,0.2,daily,61,False,below_top_three
nested_expanding,2025,2024-12-31,2020-09-07,breakout,breakout_crypto_shrink_75_semiannual_vol90,729b2b1571e7d14a277f,0.7370718655986439,30.568445389862127,1577,0.25,1.0,0.2,daily,62,False,below_top_three
nested_expanding,2025,2024-12-31,2020-09-07,breakout,breakout_crypto_shrink_80_primary_semiannual_vol90,5f40a22beb7d4ea78d33,0.7341329595975241,30.60519107693416,1577,0.25,1.0,0.2,daily,63,False,below_top_three
nested_expanding,2025,2024-12-31,2020-09-07,breakout,breakout_crypto_shrink_90_semiannual_vol90,999eca72a40a9b67cdd2,0.7341329595975241,30.60519107693416,1577,0.25,1.0,0.2,daily,64,False,below_top_three
nested_expanding,2025,2024-12-31,2020-09-07,breakout,breakout_crypto_equal_annual_vol360,6bf4dd83edb16c7c094e,0.48905229189813987,37.77438152424366,1577,0.35,3.0,0.4,daily,65,False,below_top_three
nested_expanding,2025,2024-12-31,2020-09-07,breakout,breakout_crypto_shrink_75_annual_vol360,34b8b2c648b76098df8c,0.4602703267539734,21.802269994400348,1577,0.2,2.0,0.4,daily,66,False,below_top_three
nested_expanding,2025,2024-12-31,2020-09-07,breakout,breakout_crypto_shrink_80_primary_annual_vol360,1c8e3456fadad3892caf,0.4580535407613749,16.384806216515656,1577,0.15,1.5,0.4,daily,67,False,below_top_three
nested_expanding,2025,2024-12-31,2020-09-07,breakout,breakout_crypto_shrink_90_annual_vol360,730784be5eab11dcee3a,0.4580535407613749,16.384806216515656,1577,0.15,1.5,0.4,daily,68,False,below_top_three
nested_expanding,2025,2024-12-31,2020-09-07,breakout,breakout_crypto_equal_frozen_vol360,48bc7a83a5e5f324a141,0.27688808734328296,16.294583605991683,1577,0.15,1.5,0.4,daily,69,False,below_top_three
nested_expanding,2025,2024-12-31,2020-09-07,breakout,breakout_crypto_shrink_75_frozen_vol360,f247d2e34133d6521865,0.26981455666334986,21.877819300627625,1577,0.2,2.0,0.4,daily,70,False,below_top_three
nested_expanding,2025,2024-12-31,2020-09-07,breakout,breakout_crypto_shrink_80_primary_frozen_vol360,3aadbef805d53ff60da8,0.2690306385589552,27.406298027265848,1577,0.25,2.5,0.4,daily,71,False,below_top_three
nested_expanding,2025,2024-12-31,2020-09-07,breakout,breakout_crypto_shrink_90_frozen_vol360,72487d434f11ca214091,0.2690306385589552,27.406298027265848,1577,0.25,2.5,0.4,daily,72,False,below_top_three
nested_expanding,2026_ytd,2025-12-31,2020-09-07,breakout,breakout_crypto_shrink_75_semiannual_vol360,0d0e881c4c22c46e5f22,1.2861709708887563,8.549631988811775,1942,0.15,3.0,0.4,weekly,1,True,top_three_distinct_models
nested_expanding,2026_ytd,2025-12-31,2020-09-07,breakout,breakout_crypto_shrink_90_semiannual_vol360,13d3cc723d1f13ced861,1.2858464800012472,8.54922271527829,1942,0.15,3.0,0.35,weekly,2,True,top_three_distinct_models
nested_expanding,2026_ytd,2025-12-31,2020-09-07,breakout,breakout_crypto_shrink_80_primary_semiannual_vol360,2e3696b70a8e9010df6c,1.2858464800012472,8.54922271527829,1942,0.15,3.0,0.25,weekly,3,True,top_three_distinct_models
nested_expanding,2026_ytd,2025-12-31,2020-09-07,breakout,breakout_crypto_equal_semiannual_vol360,60ad81ad84949b72f5ef,1.2848026625043456,8.555042151794854,1942,0.15,3.0,0.3,weekly,4,False,below_top_three
nested_expanding,2026_ytd,2025-12-31,2020-09-07,breakout,breakout_carver5_equal_fixed_fdm_vol360,9dd56f1fa7f3e870b92b,1.2102338029767783,8.799564841671316,1942,0.15,3.0,0.35,weekly,5,False,below_top_three
nested_expanding,2026_ytd,2025-12-31,2020-09-07,breakout,breakout_carver5_equal_causal_fdm_vol360,5e6df375777539a76eda,1.2091790905500732,8.789041667365463,1942,0.15,3.0,0.35,weekly,6,False,below_top_three
nested_expanding,2026_ytd,2025-12-31,2020-09-07,breakout,breakout_crypto_equal_quarterly_vol360,5d8755fd0e01ae4a5133,1.2073349667676032,8.871135800489807,1942,0.15,3.0,0.35,weekly,7,False,below_top_three
nested_expanding,2026_ytd,2025-12-31,2020-09-07,breakout,breakout_crypto_shrink_75_quarterly_vol360,36fd9339ad3118daec84,1.2058670176375037,8.862515631964481,1942,0.15,3.0,0.35,weekly,8,False,below_top_three
nested_expanding,2026_ytd,2025-12-31,2020-09-07,breakout,breakout_crypto_shrink_80_primary_quarterly_vol360,2296423a142dada6a6a1,1.2054732263116859,8.865141153086288,1942,0.15,3.0,0.35,weekly,9,False,below_top_three
nested_expanding,2026_ytd,2025-12-31,2020-09-07,breakout,breakout_crypto_shrink_90_quarterly_vol360,d60e850ff15685e48f17,1.2054732263116859,8.865141153086288,1942,0.15,3.0,0.35,weekly,10,False,below_top_three
nested_expanding,2026_ytd,2025-12-31,2020-09-07,breakout,breakout_crypto_equal_annual_vol60,63ecaacbda60ce92aed4,0.9421363839917459,17.84365670410017,1942,0.15,1.0,0.15,daily,11,False,below_top_three
nested_expanding,2026_ytd,2025-12-31,2020-09-07,breakout,breakout_crypto_shrink_75_annual_vol60,ed0d5b31527f19ccdc81,0.9160426909295057,17.928074008570036,1942,0.15,1.0,0.15,daily,12,False,below_top_three
nested_expanding,2026_ytd,2025-12-31,2020-09-07,breakout,breakout_crypto_shrink_90_annual_vol60,ae0638ecbf302b477ad0,0.9137243161238319,23.919035456251876,1942,0.2,1.0,0.15,daily,13,False,below_top_three
nested_expanding,2026_ytd,2025-12-31,2020-09-07,breakout,breakout_crypto_shrink_80_primary_annual_vol60,b9195823f6219954ceb3,0.9137243161238319,23.919035456251876,1942,0.2,1.0,0.15,daily,14,False,below_top_three
nested_expanding,2026_ytd,2025-12-31,2020-09-07,breakout,breakout_carver5_equal_fixed_fdm_vol60,a2924d5b2cb754c462cc,0.8957590845737277,49.4203588991638,1942,0.4,1.5,0.35,daily,15,False,below_top_three
nested_expanding,2026_ytd,2025-12-31,2020-09-07,breakout,breakout_crypto_equal_quarterly_vol60,0bce299e313686eec581,0.8900403213584176,49.940579479150564,1942,0.4,1.5,0.4,daily,16,False,below_top_three
nested_expanding,2026_ytd,2025-12-31,2020-09-07,breakout,breakout_carver5_equal_causal_fdm_vol60,19b43567ec629f3614cf,0.8853747746467433,49.39921603804007,1942,0.4,1.5,0.4,daily,17,False,below_top_three
nested_expanding,2026_ytd,2025-12-31,2020-09-07,breakout,breakout_crypto_shrink_75_quarterly_vol60,12a52b8749465ada301e,0.8829580204463943,50.11814665504941,1942,0.4,1.5,0.4,daily,18,False,below_top_three
nested_expanding,2026_ytd,2025-12-31,2020-09-07,breakout,breakout_crypto_shrink_90_quarterly_vol60,183b1d8185518ced05ba,0.8816506616122507,50.15374685066439,1942,0.4,1.5,0.25,daily,19,False,below_top_three
nested_expanding,2026_ytd,2025-12-31,2020-09-07,breakout,breakout_crypto_shrink_80_primary_quarterly_vol60,723a63e0c20174987f2c,0.8816506616122507,50.15374685066439,1942,0.4,1.5,0.2,daily,20,False,below_top_three
nested_expanding,2026_ytd,2025-12-31,2020-09-07,breakout,breakout_crypto_shrink_75_frozen_vol60,0fd6d4ff44ccc8778b3f,0.8641370438326121,31.93599157721744,1942,0.25,1.5,0.15,daily,21,False,below_top_three
nested_expanding,2026_ytd,2025-12-31,2020-09-07,breakout,breakout_crypto_equal_frozen_vol60,217bdd356f5b7d6e946e,0.8638161930031709,25.495782474853904,1942,0.2,1.5,0.15,daily,22,False,below_top_three
nested_expanding,2026_ytd,2025-12-31,2020-09-07,breakout,breakout_crypto_shrink_90_frozen_vol60,4dfa96d9a6bbe7156494,0.8634630673606393,25.568648479016186,1942,0.2,1.5,0.15,daily,23,False,below_top_three
nested_expanding,2026_ytd,2025-12-31,2020-09-07,breakout,breakout_crypto_shrink_80_primary_frozen_vol60,874c4cc8e2f3f1e0da82,0.8634630673606393,25.568648479016186,1942,0.2,1.5,0.15,daily,24,False,below_top_three
nested_expanding,2026_ytd,2025-12-31,2020-09-07,breakout,breakout_crypto_equal_quarterly_vol180,a7a2bf0d27c419b9e0fc,0.7984808618203503,30.200976122124192,1942,0.25,1.5,0.25,daily,25,False,below_top_three
nested_expanding,2026_ytd,2025-12-31,2020-09-07,breakout,breakout_carver5_equal_fixed_fdm_vol180,4db6dab642ce274b27fe,0.7967808674546796,29.95063471194551,1942,0.25,1.5,0.25,daily,26,False,below_top_three
nested_expanding,2026_ytd,2025-12-31,2020-09-07,breakout,breakout_carver5_equal_causal_fdm_vol180,4accf5d146da9bde9ee1,0.7944688881849471,29.933733509853045,1942,0.25,1.5,0.25,daily,27,False,below_top_three
nested_expanding,2026_ytd,2025-12-31,2020-09-07,breakout,breakout_crypto_equal_semiannual_vol60,e473f5698bacc382dd05,0.7896186343397128,50.222015258477086,1942,0.4,1.5,0.2,daily,28,False,below_top_three
nested_expanding,2026_ytd,2025-12-31,2020-09-07,breakout,breakout_crypto_shrink_75_quarterly_vol180,b5739fea254e18e68ad2,0.7878944076832498,42.33140389872816,1942,0.35,2.0,0.2,daily,29,False,below_top_three
nested_expanding,2026_ytd,2025-12-31,2020-09-07,breakout,breakout_crypto_shrink_75_semiannual_vol60,0fcda2c300977d91dc5d,0.7865915407953162,50.39541194721445,1942,0.4,1.5,0.2,daily,30,False,below_top_three
nested_expanding,2026_ytd,2025-12-31,2020-09-07,breakout,breakout_crypto_shrink_80_primary_quarterly_vol180,7ef93891e160ee0a894d,0.7850518955360736,42.40378806369667,1942,0.35,2.0,0.2,daily,31,False,below_top_three
nested_expanding,2026_ytd,2025-12-31,2020-09-07,breakout,breakout_crypto_shrink_90_quarterly_vol180,c065876f50b5196ef6b1,0.7850518955360736,42.40378806369667,1942,0.35,2.0,0.2,daily,32,False,below_top_three
nested_expanding,2026_ytd,2025-12-31,2020-09-07,breakout,breakout_crypto_shrink_90_semiannual_vol60,195c039a7bbb58d8da1d,0.7835299358936696,50.44380767674619,1942,0.4,1.5,0.2,daily,33,False,below_top_three
nested_expanding,2026_ytd,2025-12-31,2020-09-07,breakout,breakout_crypto_shrink_80_primary_semiannual_vol60,546b0fa9c2d1dc43a861,0.7835299358936696,50.44380767674619,1942,0.4,1.5,0.2,daily,34,False,below_top_three
nested_expanding,2026_ytd,2025-12-31,2020-09-07,breakout,breakout_crypto_equal_semiannual_vol180,9560f658e7191be73021,0.7817335528202347,49.241995955567454,1942,0.4,2.5,0.25,daily,35,False,below_top_three
nested_expanding,2026_ytd,2025-12-31,2020-09-07,breakout,breakout_crypto_shrink_75_semiannual_vol180,efdebc9efe30d9e8d0a1,0.7763360750592475,42.89560302037363,1942,0.35,2.0,0.2,daily,36,False,below_top_three
nested_expanding,2026_ytd,2025-12-31,2020-09-07,breakout,breakout_crypto_shrink_90_semiannual_vol180,4516c7d8f21abc6d6f90,0.772998068021361,42.96394082166144,1942,0.35,2.0,0.2,daily,37,False,below_top_three
nested_expanding,2026_ytd,2025-12-31,2020-09-07,breakout,breakout_crypto_shrink_80_primary_semiannual_vol180,9ee0ed78fe0d020f5ce5,0.772998068021361,42.96394082166144,1942,0.35,2.0,0.2,daily,38,False,below_top_three
nested_expanding,2026_ytd,2025-12-31,2020-09-07,breakout,breakout_crypto_equal_annual_vol180,6caffb1d28271ebe863a,0.7649826056199805,27.177580808274286,1942,0.25,2.0,0.2,daily,39,False,below_top_three
nested_expanding,2026_ytd,2025-12-31,2020-09-07,breakout,breakout_crypto_equal_frozen_vol180,39e3baed4ba060174094,0.7515058695251531,25.201774028377564,1942,0.2,1.5,0.25,daily,40,False,below_top_three
nested_expanding,2026_ytd,2025-12-31,2020-09-07,breakout,breakout_crypto_shrink_75_frozen_vol180,3d3a6c116664ef2f14a1,0.7486806154600111,18.981572094702702,1942,0.15,1.5,0.25,daily,41,False,below_top_three
nested_expanding,2026_ytd,2025-12-31,2020-09-07,breakout,breakout_crypto_shrink_90_frozen_vol180,8bd424eb22f28871efdc,0.7472035049971559,19.00378592402167,1942,0.15,1.5,0.25,daily,42,False,below_top_three
nested_expanding,2026_ytd,2025-12-31,2020-09-07,breakout,breakout_crypto_shrink_80_primary_frozen_vol180,8e282147193e337e6ea6,0.7472035049971559,19.00378592402167,1942,0.15,1.5,0.25,daily,43,False,below_top_three
nested_expanding,2026_ytd,2025-12-31,2020-09-07,breakout,breakout_crypto_equal_annual_vol90,c878a110c75be27d1e11,0.7386454478511959,38.93991831036902,1942,0.35,2.0,0.15,daily,44,False,below_top_three
nested_expanding,2026_ytd,2025-12-31,2020-09-07,breakout,breakout_crypto_shrink_75_annual_vol180,5e53ec3fb63e89b868d9,0.7359089876636853,38.330640950889105,1942,0.35,3.0,0.2,daily,45,False,below_top_three
nested_expanding,2026_ytd,2025-12-31,2020-09-07,breakout,breakout_crypto_shrink_80_primary_annual_vol180,422d6636dd321be3ad05,0.7324149038349227,16.44677562657456,1942,0.15,1.5,0.2,daily,46,False,below_top_three
nested_expanding,2026_ytd,2025-12-31,2020-09-07,breakout,breakout_crypto_shrink_90_annual_vol180,b3ce971e9b67318b955d,0.7324149038349227,16.44677562657456,1942,0.15,1.5,0.2,daily,47,False,below_top_three
nested_expanding,2026_ytd,2025-12-31,2020-09-07,breakout,breakout_crypto_shrink_75_annual_vol90,a844665c9564961a9155,0.7197198464881166,27.919088557928156,1942,0.25,1.5,0.15,daily,48,False,below_top_three
nested_expanding,2026_ytd,2025-12-31,2020-09-07,breakout,breakout_crypto_shrink_90_annual_vol90,41d31c52d215c51a639f,0.7172825261515049,27.933586567386683,1942,0.25,1.5,0.15,daily,49,False,below_top_three
nested_expanding,2026_ytd,2025-12-31,2020-09-07,breakout,breakout_crypto_shrink_80_primary_annual_vol90,a5d5dab4c3cad34b7051,0.7172825261515049,27.933586567386683,1942,0.25,1.5,0.15,daily,50,False,below_top_three
nested_expanding,2026_ytd,2025-12-31,2020-09-07,breakout,breakout_carver5_equal_fixed_fdm_vol90,04f8baf6d28576a5d632,0.7056340417789453,29.567726734602516,1942,0.25,1.0,0.3,daily,51,False,below_top_three
nested_expanding,2026_ytd,2025-12-31,2020-09-07,breakout,breakout_crypto_equal_frozen_vol90,00b9d478bd838f74e12c,0.6963684283679948,18.32016046392057,1942,0.15,1.0,0.35,daily,52,False,below_top_three
nested_expanding,2026_ytd,2025-12-31,2020-09-07,breakout,breakout_crypto_shrink_75_frozen_vol90,3b91579b2051f3c331b4,0.696194688913353,30.607973474645625,1942,0.25,1.5,0.4,daily,53,False,below_top_three
nested_expanding,2026_ytd,2025-12-31,2020-09-07,breakout,breakout_crypto_shrink_80_primary_frozen_vol90,12d8725d133bbe9f1fc0,0.6948397834644052,18.37985184372101,1942,0.15,1.0,0.35,daily,54,False,below_top_three
nested_expanding,2026_ytd,2025-12-31,2020-09-07,breakout,breakout_crypto_shrink_90_frozen_vol90,3c3102c22a2a7eafed44,0.6948397834644052,18.37985184372101,1942,0.15,1.0,0.25,daily,55,False,below_top_three
nested_expanding,2026_ytd,2025-12-31,2020-09-07,breakout,breakout_crypto_equal_quarterly_vol90,39d72d7dbfee454a385b,0.6946105849000908,29.910957802317906,1942,0.25,1.0,0.25,daily,56,False,below_top_three
nested_expanding,2026_ytd,2025-12-31,2020-09-07,breakout,breakout_carver5_equal_causal_fdm_vol90,1fd83e714eae5ddefb07,0.6932156118839573,29.56949203908551,1942,0.25,1.0,0.25,daily,57,False,below_top_three
nested_expanding,2026_ytd,2025-12-31,2020-09-07,breakout,breakout_crypto_shrink_75_quarterly_vol90,1ecad4d186d528b76918,0.686382035322068,30.05316881380074,1942,0.25,1.0,0.25,daily,58,False,below_top_three
nested_expanding,2026_ytd,2025-12-31,2020-09-07,breakout,breakout_crypto_shrink_90_quarterly_vol90,14f29c8cb14ecf40bb39,0.6847669297403813,30.082723298329885,1942,0.25,1.0,0.35,daily,59,False,below_top_three
nested_expanding,2026_ytd,2025-12-31,2020-09-07,breakout,breakout_crypto_shrink_80_primary_quarterly_vol90,5c993c5648c585432fbd,0.6847669297403813,30.082723298329885,1942,0.25,1.0,0.4,daily,60,False,below_top_three
nested_expanding,2026_ytd,2025-12-31,2020-09-07,breakout,breakout_crypto_equal_semiannual_vol90,3550ababfecd8ecf34f4,0.606461026693152,37.18949035510058,1942,0.3,1.5,0.2,daily,61,False,below_top_three
nested_expanding,2026_ytd,2025-12-31,2020-09-07,breakout,breakout_crypto_shrink_75_semiannual_vol90,729b2b1571e7d14a277f,0.6027310960201607,30.37614992429965,1942,0.25,1.0,0.2,daily,62,False,below_top_three
nested_expanding,2026_ytd,2025-12-31,2020-09-07,breakout,breakout_crypto_shrink_80_primary_semiannual_vol90,5f40a22beb7d4ea78d33,0.6004049908999047,30.407668073356266,1942,0.25,1.0,0.2,daily,63,False,below_top_three
nested_expanding,2026_ytd,2025-12-31,2020-09-07,breakout,breakout_crypto_shrink_90_semiannual_vol90,999eca72a40a9b67cdd2,0.6004049908999047,30.407668073356266,1942,0.25,1.0,0.2,daily,64,False,below_top_three
nested_expanding,2026_ytd,2025-12-31,2020-09-07,breakout,breakout_crypto_equal_annual_vol360,b063e06451f0d3f4f624,0.41603426388184434,26.555396822083413,1942,0.25,2.5,0.4,daily,65,False,below_top_three
nested_expanding,2026_ytd,2025-12-31,2020-09-07,breakout,breakout_crypto_shrink_75_annual_vol360,a82a678f52e82b65c9f7,0.39077104224262743,26.788579412505996,1942,0.25,2.5,0.4,daily,66,False,below_top_three
nested_expanding,2026_ytd,2025-12-31,2020-09-07,breakout,breakout_crypto_shrink_90_annual_vol360,5ce6faa14d1a2c36e22e,0.38878286288346486,26.838431405743,1942,0.25,2.5,0.4,daily,67,False,below_top_three
nested_expanding,2026_ytd,2025-12-31,2020-09-07,breakout,breakout_crypto_shrink_80_primary_annual_vol360,645e47e23f168236aa61,0.38878286288346486,26.838431405743,1942,0.25,2.5,0.4,daily,68,False,below_top_three
nested_expanding,2026_ytd,2025-12-31,2020-09-07,breakout,breakout_crypto_equal_frozen_vol360,01a142f595435b755b40,0.26118064061969204,38.291147345564866,1942,0.35,3.0,0.4,daily,69,False,below_top_three
nested_expanding,2026_ytd,2025-12-31,2020-09-07,breakout,breakout_crypto_shrink_75_frozen_vol360,f247d2e34133d6521865,0.2551532509655521,22.003849880186376,1942,0.2,2.0,0.4,daily,70,False,below_top_three
nested_expanding,2026_ytd,2025-12-31,2020-09-07,breakout,breakout_crypto_shrink_80_primary_frozen_vol360,3aadbef805d53ff60da8,0.2544842932120193,27.55274267601273,1942,0.25,2.5,0.4,daily,71,False,below_top_three
nested_expanding,2026_ytd,2025-12-31,2020-09-07,breakout,breakout_crypto_shrink_90_frozen_vol360,72487d434f11ca214091,0.2544842932120193,27.55274267601273,1942,0.25,2.5,0.4,daily,72,False,below_top_three
nested_rolling_730d,2022,2021-12-31,2020-09-07,time_series,ts_equal_vol360,812b934bc03233735a27,3.1000990847018417,13.580989956137891,481,0.35,1.5,0.1,weekly,1,True,top_three_distinct_models
nested_rolling_730d,2022,2021-12-31,2020-09-07,time_series,ts_shrink_90_annual_vol360,02bbe1f283b55a6dae7b,3.0759044725074385,13.340519574892797,481,0.35,1.5,0.1,weekly,2,True,top_three_distinct_models
nested_rolling_730d,2022,2021-12-31,2020-09-07,time_series,ts_shrink_90_frozen_vol360,51307be6f7fb451bd2b8,3.0759044725074385,13.340519574892797,481,0.35,1.5,0.1,weekly,3,True,top_three_distinct_models
nested_rolling_730d,2022,2021-12-31,2020-09-07,time_series,ts_shrink_80_primary_annual_vol360,589d362ed8e7623fd023,3.0759044725074385,13.340519574892797,481,0.35,1.5,0.1,weekly,4,False,below_top_three
nested_rolling_730d,2022,2021-12-31,2020-09-07,time_series,ts_shrink_80_primary_frozen_vol360,6d70562e74440de04258,3.0759044725074385,13.340519574892797,481,0.35,1.5,0.1,weekly,5,False,below_top_three
nested_rolling_730d,2022,2021-12-31,2020-09-07,time_series,ts_shrink_75_annual_vol360,125922698d2b92dc3342,3.0654984346367864,13.382519075841913,481,0.35,1.5,0.1,weekly,6,False,below_top_three
nested_rolling_730d,2022,2021-12-31,2020-09-07,time_series,ts_shrink_75_frozen_vol360,2ef10784f95a1b3d384a,3.0654984346367864,13.382519075841913,481,0.35,1.5,0.1,weekly,7,False,below_top_three
nested_rolling_730d,2022,2021-12-31,2020-09-07,time_series,ts_shrink_75_quarterly_vol360,16143b8e0ebdb4f9ea7f,2.964805708685833,10.053340967524015,481,0.3,1.5,0.05,weekly,8,False,below_top_three
nested_rolling_730d,2022,2021-12-31,2020-09-07,time_series,ts_shrink_80_primary_quarterly_vol360,0b2c8724b7ef5034e3f2,2.928827940599938,12.4558642875692,481,0.3,1.5,0.35,weekly,9,False,below_top_three
nested_rolling_730d,2022,2021-12-31,2020-09-07,time_series,ts_shrink_90_quarterly_vol360,0c26e5bd1bba221c517c,2.928827940599938,12.4558642875692,481,0.3,1.5,0.35,weekly,10,False,below_top_three
nested_rolling_730d,2022,2021-12-31,2020-09-07,time_series,ts_shrink_75_semiannual_vol360,2c5d603de02c155fd181,2.897122027409197,8.29678701823517,481,0.2,1.0,0.4,weekly,11,False,below_top_three
nested_rolling_730d,2022,2021-12-31,2020-09-07,time_series,ts_shrink_80_primary_semiannual_vol360,ab95c6685b8d32825873,2.8866820363106007,8.186539139688728,481,0.2,1.0,0.35,weekly,12,False,below_top_three
nested_rolling_730d,2022,2021-12-31,2020-09-07,time_series,ts_shrink_90_semiannual_vol360,ce31947150007853c8c6,2.8866820363106007,8.186539139688728,481,0.2,1.0,0.35,weekly,13,False,below_top_three
nested_rolling_730d,2022,2021-12-31,2020-09-07,time_series,ts_shrink_90_semiannual_vol60,363c88841831e8a8982a,2.270839199410506,19.29370837172274,481,0.4,1.5,0.3,weekly,14,False,below_top_three
nested_rolling_730d,2022,2021-12-31,2020-09-07,time_series,ts_shrink_80_primary_semiannual_vol60,de1704b58927dcdbb94b,2.270839199410506,19.29370837172274,481,0.4,1.5,0.3,weekly,15,False,below_top_three
nested_rolling_730d,2022,2021-12-31,2020-09-07,time_series,ts_shrink_80_primary_quarterly_vol60,12b531dfd2daf7564394,2.2623298271465613,19.256011652705983,481,0.4,1.5,0.3,weekly,16,False,below_top_three
nested_rolling_730d,2022,2021-12-31,2020-09-07,time_series,ts_shrink_90_quarterly_vol60,24d3a85b5440b88fde2d,2.2623298271465613,19.256011652705983,481,0.4,1.5,0.3,weekly,17,False,below_top_three
nested_rolling_730d,2022,2021-12-31,2020-09-07,time_series,ts_shrink_75_semiannual_vol60,18106ee97a86f93e56e6,2.2592150634200383,19.377236973509525,481,0.4,1.5,0.2,weekly,18,False,below_top_three
nested_rolling_730d,2022,2021-12-31,2020-09-07,time_series,ts_shrink_75_quarterly_vol60,b4fd71e0b07650a51029,2.2518359180915257,19.336991363681058,481,0.4,1.5,0.2,weekly,19,False,below_top_three
nested_rolling_730d,2022,2021-12-31,2020-09-07,time_series,ts_shrink_80_primary_annual_vol60,16068409454c137141f0,2.23269253871831,15.896859874654163,481,0.35,1.5,0.15,weekly,20,False,below_top_three
nested_rolling_730d,2022,2021-12-31,2020-09-07,time_series,ts_shrink_90_annual_vol60,294c640323fdeaac856f,2.23269253871831,15.896859874654163,481,0.35,1.5,0.15,weekly,21,False,below_top_three
nested_rolling_730d,2022,2021-12-31,2020-09-07,time_series,ts_shrink_90_frozen_vol60,8742ba55e9b009dfe623,2.23269253871831,15.896859874654163,481,0.35,1.5,0.15,weekly,22,False,below_top_three
nested_rolling_730d,2022,2021-12-31,2020-09-07,time_series,ts_shrink_80_primary_frozen_vol60,d766b5258f4b66d74c50,2.23269253871831,15.896859874654163,481,0.35,1.5,0.15,weekly,23,False,below_top_three
nested_rolling_730d,2022,2021-12-31,2020-09-07,time_series,ts_shrink_75_annual_vol60,265de42e2a8881dcfcbf,2.2307252936390207,15.921054900820815,481,0.35,1.5,0.15,weekly,24,False,below_top_three
nested_rolling_730d,2022,2021-12-31,2020-09-07,time_series,ts_shrink_75_frozen_vol60,6dce4e10d283166a0f86,2.2307252936390207,15.921054900820815,481,0.35,1.5,0.15,weekly,25,False,below_top_three
nested_rolling_730d,2022,2021-12-31,2020-09-07,time_series,ts_equal_vol60,32dcedbd122282682120,2.212774431014507,19.545338575298228,481,0.4,1.5,0.25,weekly,26,False,below_top_three
nested_rolling_730d,2022,2021-12-31,2020-09-07,time_series,ts_shrink_80_primary_semiannual_vol180,d3adc08aaf949decea30,2.1282253675640037,14.192127854157778,481,0.35,1.5,0.3,weekly,27,False,below_top_three
nested_rolling_730d,2022,2021-12-31,2020-09-07,time_series,ts_shrink_90_semiannual_vol180,ece9fe10e367e4465688,2.1282253675640037,14.192127854157778,481,0.35,1.5,0.3,weekly,28,False,below_top_three
nested_rolling_730d,2022,2021-12-31,2020-09-07,time_series,ts_shrink_80_primary_frozen_vol180,8874f019932bc53f3d41,2.1211383833368793,5.317147683381563,481,0.15,1.0,0.25,weekly,29,False,below_top_three
nested_rolling_730d,2022,2021-12-31,2020-09-07,time_series,ts_shrink_80_primary_annual_vol180,b808f2f25011eeb52aa5,2.1211383833368793,5.317147683381563,481,0.15,1.0,0.25,weekly,30,False,below_top_three
nested_rolling_730d,2022,2021-12-31,2020-09-07,time_series,ts_shrink_90_frozen_vol180,d3814fd1f9e7bba9bc56,2.1211383833368793,5.317147683381563,481,0.15,1.0,0.25,weekly,31,False,below_top_three
nested_rolling_730d,2022,2021-12-31,2020-09-07,time_series,ts_shrink_90_annual_vol180,fc56635d71a8d7a2e675,2.1211383833368793,5.317147683381563,481,0.15,1.0,0.25,weekly,32,False,below_top_three
nested_rolling_730d,2022,2021-12-31,2020-09-07,time_series,ts_shrink_90_quarterly_vol180,28b14c9ed1df6340ba57,2.114706481282195,6.04636944577212,481,0.15,1.0,0.3,weekly,33,False,below_top_three
nested_rolling_730d,2022,2021-12-31,2020-09-07,time_series,ts_shrink_80_primary_quarterly_vol180,3e97a5acfee573509987,2.114706481282195,6.04636944577212,481,0.15,1.0,0.3,weekly,34,False,below_top_three
nested_rolling_730d,2022,2021-12-31,2020-09-07,time_series,ts_shrink_75_semiannual_vol180,d61b9f0233a4cc70975e,2.1118851039834583,6.125595371293545,481,0.15,1.0,0.3,weekly,35,False,below_top_three
nested_rolling_730d,2022,2021-12-31,2020-09-07,time_series,ts_shrink_75_frozen_vol180,ab97bb43158029da9f2f,2.1080549081618196,5.339337013046018,481,0.15,1.0,0.25,weekly,36,False,below_top_three
nested_rolling_730d,2022,2021-12-31,2020-09-07,time_series,ts_shrink_75_annual_vol180,e41d69ed80d821df9887,2.1080549081618196,5.339337013046018,481,0.15,1.0,0.25,weekly,37,False,below_top_three
nested_rolling_730d,2022,2021-12-31,2020-09-07,time_series,ts_shrink_75_quarterly_vol180,f3f00bb87261d17298a4,2.099270206402105,6.0936004479757075,481,0.15,1.0,0.3,weekly,38,False,below_top_three
nested_rolling_730d,2022,2021-12-31,2020-09-07,time_series,ts_equal_vol180,bb2b5ab15952c8bc6336,2.082669057791713,14.263813293942768,481,0.35,1.5,0.15,weekly,39,False,below_top_three
nested_rolling_730d,2022,2021-12-31,2020-09-07,time_series,ts_shrink_90_semiannual_vol90,692d78ac9210696615e6,1.9152712229284117,8.406296339405191,481,0.2,1.0,0.4,weekly,40,False,below_top_three
nested_rolling_730d,2022,2021-12-31,2020-09-07,time_series,ts_shrink_80_primary_semiannual_vol90,de25ceae5a08773efb40,1.9152712229284117,8.406296339405191,481,0.2,1.0,0.4,weekly,41,False,below_top_three
nested_rolling_730d,2022,2021-12-31,2020-09-07,time_series,ts_shrink_75_semiannual_vol90,1cca253523042bb00bb5,1.9057956546083115,6.3228497376947495,481,0.15,1.0,0.25,weekly,42,False,below_top_three
nested_rolling_730d,2022,2021-12-31,2020-09-07,time_series,ts_shrink_90_quarterly_vol90,eaab159bde9445e4f1a9,1.9032070964918644,10.466327592645861,481,0.25,1.0,0.4,weekly,43,False,below_top_three
nested_rolling_730d,2022,2021-12-31,2020-09-07,time_series,ts_shrink_80_primary_quarterly_vol90,f36a3913aa4f64c513d4,1.9032070964918644,10.466327592645861,481,0.25,1.0,0.4,weekly,44,False,below_top_three
nested_rolling_730d,2022,2021-12-31,2020-09-07,time_series,ts_equal_vol90,abf66b303f391587801c,1.8952348009206403,8.710037354288279,481,0.25,1.0,0.05,weekly,45,False,below_top_three
nested_rolling_730d,2022,2021-12-31,2020-09-07,time_series,ts_shrink_75_quarterly_vol90,2bae27e1d4facb5d43ef,1.8938275508625846,14.701367922076914,481,0.35,1.0,0.25,weekly,46,False,below_top_three
nested_rolling_730d,2022,2021-12-31,2020-09-07,time_series,ts_shrink_80_primary_annual_vol90,1b03bd14f6b5b09439cf,1.8822616571010204,7.6634923770265475,481,0.2,1.0,0.25,weekly,47,False,below_top_three
nested_rolling_730d,2022,2021-12-31,2020-09-07,time_series,ts_shrink_80_primary_frozen_vol90,1ff2571a704cc1c4f048,1.8822616571010204,7.6634923770265475,481,0.2,1.0,0.25,weekly,48,False,below_top_three
nested_rolling_730d,2022,2021-12-31,2020-09-07,time_series,ts_shrink_90_frozen_vol90,73898925dcd8b6a84a10,1.8822616571010204,7.6634923770265475,481,0.2,1.0,0.25,weekly,49,False,below_top_three
nested_rolling_730d,2022,2021-12-31,2020-09-07,time_series,ts_shrink_90_annual_vol90,b7ffbeef4fda4159f135,1.8822616571010204,7.6634923770265475,481,0.2,1.0,0.25,weekly,50,False,below_top_three
nested_rolling_730d,2022,2021-12-31,2020-09-07,time_series,ts_shrink_75_annual_vol90,0ecbda6d52889483347d,1.8657306921503605,9.599924484477908,481,0.25,1.0,0.25,weekly,51,False,below_top_three
nested_rolling_730d,2022,2021-12-31,2020-09-07,time_series,ts_shrink_75_frozen_vol90,81769658804777b57fd5,1.8657306921503605,9.599924484477908,481,0.25,1.0,0.25,weekly,52,False,below_top_three
nested_rolling_730d,2023,2022-12-31,2021-01-01,time_series,ts_shrink_90_annual_vol360,78d91ba3a2886e610f5b,1.2414989775786436,12.369378962850801,730,0.35,1.0,0.1,weekly,1,True,top_three_distinct_models
nested_rolling_730d,2023,2022-12-31,2021-01-01,time_series,ts_shrink_80_primary_annual_vol360,e7097b15fb779cad2d69,1.2414989775786436,12.369378962850801,730,0.35,1.0,0.1,weekly,2,True,top_three_distinct_models
nested_rolling_730d,2023,2022-12-31,2021-01-01,time_series,ts_shrink_75_annual_vol360,5d2a42d1b1c5b545c39a,1.234743544899694,12.391608823732618,730,0.35,1.0,0.1,weekly,3,True,top_three_distinct_models
nested_rolling_730d,2023,2022-12-31,2021-01-01,time_series,ts_shrink_80_primary_frozen_vol360,2671ecd8701f2cf2e6b0,1.2241413016127805,12.468626711399326,730,0.35,1.0,0.1,weekly,4,False,below_top_three
nested_rolling_730d,2023,2022-12-31,2021-01-01,time_series,ts_shrink_90_frozen_vol360,78dbb28ea3878d153cd9,1.2241413016127805,12.468626711399326,730,0.35,1.0,0.1,weekly,5,False,below_top_three
nested_rolling_730d,2023,2022-12-31,2021-01-01,time_series,ts_equal_vol360,62ea497ac2c96274c7b6,1.2190963040821345,12.82832253263354,730,0.35,1.0,0.1,weekly,6,False,below_top_three
nested_rolling_730d,2023,2022-12-31,2021-01-01,time_series,ts_shrink_75_frozen_vol360,ff253bb046d5af5248db,1.2165277161917127,12.501517673458656,730,0.35,1.0,0.1,weekly,7,False,below_top_three
nested_rolling_730d,2023,2022-12-31,2021-01-01,time_series,ts_shrink_75_quarterly_vol360,9ebe937f249eaac1957e,1.1675098931422434,4.458491510561447,730,0.15,1.0,0.05,weekly,8,False,below_top_three
nested_rolling_730d,2023,2022-12-31,2021-01-01,time_series,ts_shrink_80_primary_annual_vol60,080cc51e9fc3c4933d38,1.1342642235246938,32.738333599675485,730,0.35,1.0,0.2,daily,9,False,below_top_three
nested_rolling_730d,2023,2022-12-31,2021-01-01,time_series,ts_shrink_90_annual_vol60,21d5f06b6cbc6895e913,1.1342642235246938,32.738333599675485,730,0.35,1.0,0.2,daily,10,False,below_top_three
nested_rolling_730d,2023,2022-12-31,2021-01-01,time_series,ts_shrink_75_annual_vol60,e64830a5c758c8076bde,1.1316653796166976,32.74164765938389,730,0.35,1.0,0.2,daily,11,False,below_top_three
nested_rolling_730d,2023,2022-12-31,2021-01-01,time_series,ts_equal_vol60,2f1f3810286c0724e803,1.128139090282029,37.931841055862684,730,0.4,1.0,0.25,daily,12,False,below_top_three
nested_rolling_730d,2023,2022-12-31,2021-01-01,time_series,ts_shrink_90_frozen_vol60,8cf6d76ad7db7ef7ddd5,1.1236893346726302,37.44319977800987,730,0.4,1.0,0.2,daily,13,False,below_top_three
nested_rolling_730d,2023,2022-12-31,2021-01-01,time_series,ts_shrink_80_primary_frozen_vol60,bf4047368b9ea6b2171f,1.1236893346726302,37.44319977800987,730,0.4,1.0,0.2,daily,14,False,below_top_three
nested_rolling_730d,2023,2022-12-31,2021-01-01,time_series,ts_shrink_75_quarterly_vol60,032a58db2575dfa32c2d,1.1230062687235127,14.27283715949237,730,0.15,1.0,0.2,daily,15,False,below_top_three
nested_rolling_730d,2023,2022-12-31,2021-01-01,time_series,ts_shrink_90_quarterly_vol60,1dc1034f3b14310e9215,1.1228957957591452,23.792675387817823,730,0.25,1.0,0.2,daily,16,False,below_top_three
nested_rolling_730d,2023,2022-12-31,2021-01-01,time_series,ts_shrink_80_primary_quarterly_vol60,cf2db06094baa83fbcdb,1.1228957957591452,23.792675387817823,730,0.25,1.0,0.2,daily,17,False,below_top_three
nested_rolling_730d,2023,2022-12-31,2021-01-01,time_series,ts_shrink_75_frozen_vol60,52835e6fa5cdffc9c4f0,1.1216214061911343,37.454429408154084,730,0.4,1.0,0.2,daily,18,False,below_top_three
nested_rolling_730d,2023,2022-12-31,2021-01-01,time_series,ts_shrink_80_primary_semiannual_vol60,829555214d1859cf7564,1.1210698231212304,38.00295597536423,730,0.4,1.0,0.2,daily,19,False,below_top_three
nested_rolling_730d,2023,2022-12-31,2021-01-01,time_series,ts_shrink_90_semiannual_vol60,eb1f9c1dd43401b1274c,1.1210698231212304,38.00295597536423,730,0.4,1.0,0.2,daily,20,False,below_top_three
nested_rolling_730d,2023,2022-12-31,2021-01-01,time_series,ts_shrink_75_semiannual_vol60,a102d6e4341b2eb19a29,1.119957541953051,37.977641905476005,730,0.4,1.0,0.2,daily,21,False,below_top_three
nested_rolling_730d,2023,2022-12-31,2021-01-01,time_series,ts_shrink_80_primary_quarterly_vol360,010e0ec353f45a71bc7e,1.1109672533778248,4.441167950171654,730,0.15,1.0,0.05,weekly,22,False,below_top_three
nested_rolling_730d,2023,2022-12-31,2021-01-01,time_series,ts_shrink_90_quarterly_vol360,1df12babd3351709dde0,1.1109672533778248,4.441167950171654,730,0.15,1.0,0.05,weekly,23,False,below_top_three
nested_rolling_730d,2023,2022-12-31,2021-01-01,time_series,ts_shrink_80_primary_semiannual_vol360,1ba2c426ec7b92f7cd5e,1.087835698026422,4.4898736849606955,730,0.15,1.0,0.05,weekly,24,False,below_top_three
nested_rolling_730d,2023,2022-12-31,2021-01-01,time_series,ts_shrink_90_semiannual_vol360,71d89a7a92231cc77e42,1.087835698026422,4.4898736849606955,730,0.15,1.0,0.05,weekly,25,False,below_top_three
nested_rolling_730d,2023,2022-12-31,2021-01-01,time_series,ts_shrink_75_semiannual_vol360,87af5001217088597cb9,1.0741284995855753,6.10271509289729,730,0.2,1.0,0.05,weekly,26,False,below_top_three
nested_rolling_730d,2023,2022-12-31,2021-01-01,time_series,ts_shrink_90_frozen_vol180,2066c7438628644bc8c6,1.0548995587630499,11.455772122047495,730,0.15,1.0,0.2,daily,27,False,below_top_three
nested_rolling_730d,2023,2022-12-31,2021-01-01,time_series,ts_shrink_80_primary_frozen_vol180,3db7b087e4898936959b,1.0548995587630499,11.455772122047495,730,0.15,1.0,0.2,daily,28,False,below_top_three
nested_rolling_730d,2023,2022-12-31,2021-01-01,time_series,ts_shrink_80_primary_annual_vol180,70e3df2beb6e26d9bc15,1.0542026100939959,11.424047291926879,730,0.15,1.0,0.2,daily,29,False,below_top_three
nested_rolling_730d,2023,2022-12-31,2021-01-01,time_series,ts_shrink_90_annual_vol180,742af5f6b2bff41deac2,1.0542026100939959,11.424047291926879,730,0.15,1.0,0.2,daily,30,False,below_top_three
nested_rolling_730d,2023,2022-12-31,2021-01-01,time_series,ts_shrink_75_frozen_vol180,40289964136ad6272486,1.0442860272026515,11.474909915526787,730,0.15,1.0,0.2,daily,31,False,below_top_three
nested_rolling_730d,2023,2022-12-31,2021-01-01,time_series,ts_shrink_75_annual_vol180,b43e00b369679e67f55a,1.043215499045614,26.697770373973484,730,0.35,1.0,0.2,daily,32,False,below_top_three
nested_rolling_730d,2023,2022-12-31,2021-01-01,time_series,ts_equal_vol180,0aed52da8bae7b543e36,1.035880292060194,19.545748467922188,730,0.25,1.0,0.1,daily,33,False,below_top_three
nested_rolling_730d,2023,2022-12-31,2021-01-01,time_series,ts_shrink_75_quarterly_vol180,280b300347f5fdaa8c26,1.0294605067591223,15.61339029564353,730,0.2,1.0,0.1,daily,34,False,below_top_three
nested_rolling_730d,2023,2022-12-31,2021-01-01,time_series,ts_shrink_75_semiannual_vol180,82a31a6c80adb5771205,1.028080515325229,19.64518147998775,730,0.25,1.0,0.1,daily,35,False,below_top_three
nested_rolling_730d,2023,2022-12-31,2021-01-01,time_series,ts_shrink_90_quarterly_vol180,83a208e019c1bf9a477b,1.0273932641418526,11.702266639491253,730,0.15,1.0,0.1,daily,36,False,below_top_three
nested_rolling_730d,2023,2022-12-31,2021-01-01,time_series,ts_shrink_80_primary_quarterly_vol180,a430737200542eb377e1,1.0273932641418526,11.702266639491253,730,0.15,1.0,0.1,daily,37,False,below_top_three
nested_rolling_730d,2023,2022-12-31,2021-01-01,time_series,ts_shrink_80_primary_semiannual_vol180,1d1bf225584fcedb9076,1.0254438749176111,19.64868651007277,730,0.25,1.0,0.1,daily,38,False,below_top_three
nested_rolling_730d,2023,2022-12-31,2021-01-01,time_series,ts_shrink_90_semiannual_vol180,fdb38ceb37174728b5ee,1.0254438749176111,19.64868651007277,730,0.25,1.0,0.1,daily,39,False,below_top_three
nested_rolling_730d,2023,2022-12-31,2021-01-01,time_series,ts_shrink_90_quarterly_vol90,0d7bf09fe9d183561033,0.9726142251064431,6.796134186870124,730,0.4,1.0,0.1,monthly,40,False,below_top_three
nested_rolling_730d,2023,2022-12-31,2021-01-01,time_series,ts_shrink_80_primary_quarterly_vol90,288ddec9c36fe19e6778,0.9726142251064431,6.796134186870124,730,0.4,1.0,0.1,monthly,41,False,below_top_three
nested_rolling_730d,2023,2022-12-31,2021-01-01,time_series,ts_shrink_90_semiannual_vol90,317e35cdfe3209c3f72e,0.9725104860613785,6.836503316170776,730,0.4,1.0,0.1,monthly,42,False,below_top_three
nested_rolling_730d,2023,2022-12-31,2021-01-01,time_series,ts_shrink_80_primary_semiannual_vol90,963b130e78ac415a828a,0.9725104860613785,6.836503316170776,730,0.4,1.0,0.1,monthly,43,False,below_top_three
nested_rolling_730d,2023,2022-12-31,2021-01-01,time_series,ts_shrink_80_primary_annual_vol90,5265a6f25fcca971816a,0.9675838903364117,34.48505980123983,730,0.4,1.0,0.2,daily,44,False,below_top_three
nested_rolling_730d,2023,2022-12-31,2021-01-01,time_series,ts_shrink_90_annual_vol90,fd7a1512e76c25733122,0.9675838903364117,34.48505980123983,730,0.4,1.0,0.2,daily,45,False,below_top_three
nested_rolling_730d,2023,2022-12-31,2021-01-01,time_series,ts_shrink_75_quarterly_vol90,9f143a80eea4d979815c,0.9650882595489301,6.798259860430829,730,0.4,1.0,0.1,monthly,46,False,below_top_three
nested_rolling_730d,2023,2022-12-31,2021-01-01,time_series,ts_shrink_75_semiannual_vol90,cca34f68035a5038d669,0.9638796977681264,6.841174326574331,730,0.4,1.0,0.1,monthly,47,False,below_top_three
nested_rolling_730d,2023,2022-12-31,2021-01-01,time_series,ts_shrink_80_primary_frozen_vol90,5343c088b04262730305,0.9605654149990152,34.556088456942206,730,0.4,1.0,0.2,daily,48,False,below_top_three
nested_rolling_730d,2023,2022-12-31,2021-01-01,time_series,ts_shrink_90_frozen_vol90,e84dbc27b1d23abc13f3,0.9605654149990152,34.556088456942206,730,0.4,1.0,0.2,daily,49,False,below_top_three
nested_rolling_730d,2023,2022-12-31,2021-01-01,time_series,ts_shrink_75_annual_vol90,ed4545472a1223cf81fe,0.9604397307750983,34.500234438653976,730,0.4,1.0,0.2,daily,50,False,below_top_three
nested_rolling_730d,2023,2022-12-31,2021-01-01,time_series,ts_equal_vol90,b1bff9b2eada0fe9d89d,0.9547366132401722,6.803619159838566,730,0.4,1.0,0.1,monthly,51,False,below_top_three
nested_rolling_730d,2023,2022-12-31,2021-01-01,time_series,ts_shrink_75_frozen_vol90,d9678935f43b15263b02,0.9541395211677347,34.56934920981398,730,0.4,1.0,0.2,daily,52,False,below_top_three
nested_rolling_730d,2024,2023-12-31,2022-01-01,time_series,ts_shrink_75_frozen_vol60,583652769ae600921acb,0.8370131889136535,21.407820697895932,730,0.15,1.0,0.1,daily,1,True,top_three_distinct_models
nested_rolling_730d,2024,2023-12-31,2022-01-01,time_series,ts_shrink_80_primary_frozen_vol60,90192e105ae4272b3e44,0.83697918026021,35.67898189177315,730,0.25,1.5,0.1,daily,2,True,top_three_distinct_models
nested_rolling_730d,2024,2023-12-31,2022-01-01,time_series,ts_shrink_90_frozen_vol60,e12b165d1ea6ad907f3a,0.83697918026021,35.67898189177315,730,0.25,1.5,0.1,daily,3,True,top_three_distinct_models
nested_rolling_730d,2024,2023-12-31,2022-01-01,time_series,ts_equal_vol60,9f85b7432dd1741c3e27,0.8308375310235591,22.299716496502743,730,0.15,1.0,0.1,daily,4,False,below_top_three
nested_rolling_730d,2024,2023-12-31,2022-01-01,time_series,ts_shrink_75_frozen_vol180,05b04d9631e0118d2d00,0.8289206805649433,45.66081214191222,730,0.35,1.5,0.15,daily,5,False,below_top_three
nested_rolling_730d,2024,2023-12-31,2022-01-01,time_series,ts_shrink_90_frozen_vol180,08d46482647455985a63,0.8288408550714916,45.659582265416304,730,0.35,1.5,0.15,daily,6,False,below_top_three
nested_rolling_730d,2024,2023-12-31,2022-01-01,time_series,ts_shrink_80_primary_frozen_vol180,33fb770067d9f3626da0,0.8288408550714916,45.659582265416304,730,0.35,1.5,0.15,daily,7,False,below_top_three
nested_rolling_730d,2024,2023-12-31,2022-01-01,time_series,ts_shrink_75_quarterly_vol60,e8c41bef2f4abf613fe2,0.8257348308233484,22.283338939188525,730,0.15,1.0,0.1,daily,8,False,below_top_three
nested_rolling_730d,2024,2023-12-31,2022-01-01,time_series,ts_shrink_90_quarterly_vol60,128679e6dbe8834443da,0.8242996274797336,22.273793301953006,730,0.15,1.0,0.1,daily,9,False,below_top_three
nested_rolling_730d,2024,2023-12-31,2022-01-01,time_series,ts_shrink_80_primary_quarterly_vol60,9e2c87f3c5b1f37f39e3,0.8242996274797336,22.273793301953006,730,0.15,1.0,0.1,daily,10,False,below_top_three
nested_rolling_730d,2024,2023-12-31,2022-01-01,time_series,ts_shrink_75_semiannual_vol60,4b0fa07b19d803a0ce0c,0.8214415085611723,51.89723639125383,730,0.35,2.0,0.1,daily,11,False,below_top_three
nested_rolling_730d,2024,2023-12-31,2022-01-01,time_series,ts_shrink_80_primary_semiannual_vol60,64fd050e699a60648591,0.8210955169269044,37.03277893699918,730,0.25,1.5,0.1,daily,12,False,below_top_three
nested_rolling_730d,2024,2023-12-31,2022-01-01,time_series,ts_shrink_90_semiannual_vol60,c836d2dc6556050afbc6,0.8210955169269044,37.03277893699918,730,0.25,1.5,0.1,daily,13,False,below_top_three
nested_rolling_730d,2024,2023-12-31,2022-01-01,time_series,ts_equal_vol180,4ea1744eca7e0476a6f7,0.8164519496201843,47.784969920445036,730,0.35,1.5,0.15,daily,14,False,below_top_three
nested_rolling_730d,2024,2023-12-31,2022-01-01,time_series,ts_shrink_80_primary_annual_vol60,77f88aae60f0da58ec2e,0.8142982569686361,29.744720532868676,730,0.2,1.0,0.1,daily,15,False,below_top_three
nested_rolling_730d,2024,2023-12-31,2022-01-01,time_series,ts_shrink_90_annual_vol60,830e8502eb30ae353def,0.8142982569686361,29.744720532868676,730,0.2,1.0,0.1,daily,16,False,below_top_three
nested_rolling_730d,2024,2023-12-31,2022-01-01,time_series,ts_shrink_75_quarterly_vol180,1b44b27ed59b10b352bb,0.8123900479747335,20.45092153939612,730,0.15,1.0,0.15,daily,17,False,below_top_three
nested_rolling_730d,2024,2023-12-31,2022-01-01,time_series,ts_shrink_75_annual_vol60,8ba86ce73ff9cc7e6537,0.8122864184173934,52.18850282973463,730,0.35,2.0,0.1,daily,18,False,below_top_three
nested_rolling_730d,2024,2023-12-31,2022-01-01,time_series,ts_shrink_80_primary_quarterly_vol180,07debf32dac68a5a3026,0.8109997376663994,47.70636485516067,730,0.35,1.5,0.15,daily,19,False,below_top_three
nested_rolling_730d,2024,2023-12-31,2022-01-01,time_series,ts_shrink_90_quarterly_vol180,52ea6ca0fe1bf67c5d0c,0.8109997376663994,47.70636485516067,730,0.35,1.5,0.15,daily,20,False,below_top_three
nested_rolling_730d,2024,2023-12-31,2022-01-01,time_series,ts_shrink_80_primary_annual_vol180,c9ec93177495ea68b225,0.8085865262288516,34.269112321860845,730,0.25,1.0,0.15,daily,21,False,below_top_three
nested_rolling_730d,2024,2023-12-31,2022-01-01,time_series,ts_shrink_90_annual_vol180,f8c19706f4a01d2332f9,0.8085865262288516,34.269112321860845,730,0.25,1.0,0.15,daily,22,False,below_top_three
nested_rolling_730d,2024,2023-12-31,2022-01-01,time_series,ts_shrink_75_semiannual_vol180,cef08a2498b5854dd42a,0.8082497091251616,20.443400404385883,730,0.15,1.0,0.15,daily,23,False,below_top_three
nested_rolling_730d,2024,2023-12-31,2022-01-01,time_series,ts_shrink_90_semiannual_vol180,3d4115b3e965fba491af,0.8077321826484499,27.242264669866877,730,0.2,1.0,0.15,daily,24,False,below_top_three
nested_rolling_730d,2024,2023-12-31,2022-01-01,time_series,ts_shrink_80_primary_semiannual_vol180,8dfd6f8734ae63cf57ed,0.8077321826484499,27.242264669866877,730,0.2,1.0,0.15,daily,25,False,below_top_three
nested_rolling_730d,2024,2023-12-31,2022-01-01,time_series,ts_shrink_75_annual_vol180,e4ec7d4a4b36044b0289,0.8076090714413,34.362905588545985,730,0.25,1.0,0.15,daily,26,False,below_top_three
nested_rolling_730d,2024,2023-12-31,2022-01-01,time_series,ts_shrink_75_frozen_vol90,931b2970062fbcbbcd67,0.5951604478293047,34.523298739254926,730,0.25,1.0,0.1,daily,27,False,below_top_three
nested_rolling_730d,2024,2023-12-31,2022-01-01,time_series,ts_shrink_90_frozen_vol90,8ae8c1ff0008e6895ba3,0.595120983767759,34.52258369174301,730,0.25,1.0,0.1,daily,28,False,below_top_three
nested_rolling_730d,2024,2023-12-31,2022-01-01,time_series,ts_shrink_80_primary_frozen_vol90,b56b1cd0e22c45ff4669,0.595120983767759,34.52258369174301,730,0.25,1.0,0.1,daily,29,False,below_top_three
nested_rolling_730d,2024,2023-12-31,2022-01-01,time_series,ts_equal_vol90,ff51864a8d0bc090f422,0.5689974047514118,36.420168449996616,730,0.25,1.0,0.1,daily,30,False,below_top_three
nested_rolling_730d,2024,2023-12-31,2022-01-01,time_series,ts_shrink_75_semiannual_vol90,86443374721c29c2523f,0.5682331997702345,36.27052757404472,730,0.25,1.0,0.1,daily,31,False,below_top_three
nested_rolling_730d,2024,2023-12-31,2022-01-01,time_series,ts_shrink_80_primary_semiannual_vol90,2c1701c64de73c4de632,0.5680852931426954,36.23815182776832,730,0.25,1.0,0.1,daily,32,False,below_top_three
nested_rolling_730d,2024,2023-12-31,2022-01-01,time_series,ts_shrink_90_semiannual_vol90,a6fc4d1cd567a658bcef,0.5680852931426954,36.23815182776832,730,0.25,1.0,0.1,daily,33,False,below_top_three
nested_rolling_730d,2024,2023-12-31,2022-01-01,time_series,ts_shrink_75_quarterly_vol90,2293af217acd7a88b8cf,0.5678328127813222,36.35877532203146,730,0.25,1.0,0.1,daily,34,False,below_top_three
nested_rolling_730d,2024,2023-12-31,2022-01-01,time_series,ts_shrink_90_quarterly_vol90,0a4da9dc2d82a4dc4dfe,0.5674743125480276,36.33551903918841,730,0.25,1.0,0.1,daily,35,False,below_top_three
nested_rolling_730d,2024,2023-12-31,2022-01-01,time_series,ts_shrink_80_primary_quarterly_vol90,fd006faac1a875a4c554,0.5674743125480276,36.33551903918841,730,0.25,1.0,0.1,daily,36,False,below_top_three
nested_rolling_730d,2024,2023-12-31,2022-01-01,time_series,ts_equal_vol360,3f6ded47fd4e6fd8c85c,0.5641744321971437,25.020526415957267,730,0.2,1.0,0.2,daily,37,False,below_top_three
nested_rolling_730d,2024,2023-12-31,2022-01-01,time_series,ts_shrink_80_primary_semiannual_vol360,796effe9a1287bed8e5f,0.5603346429675062,16.774086210786734,730,0.15,1.0,0.05,daily,38,False,below_top_three
nested_rolling_730d,2024,2023-12-31,2022-01-01,time_series,ts_shrink_90_semiannual_vol360,d422ad6e6f882fc4f1c8,0.5603346429675062,16.774086210786734,730,0.15,1.0,0.05,daily,39,False,below_top_three
nested_rolling_730d,2024,2023-12-31,2022-01-01,time_series,ts_shrink_75_annual_vol360,769f582c06fdb9446acb,0.5602211666550305,39.35967596346859,730,0.35,1.5,0.05,daily,40,False,below_top_three
nested_rolling_730d,2024,2023-12-31,2022-01-01,time_series,ts_shrink_90_annual_vol360,256c17b2fa6aa8a261f0,0.5595833335781041,16.82323778920538,730,0.15,1.0,0.05,daily,41,False,below_top_three
nested_rolling_730d,2024,2023-12-31,2022-01-01,time_series,ts_shrink_80_primary_annual_vol360,eac7cd58dc9d7ce0b394,0.5595833335781041,16.82323778920538,730,0.15,1.0,0.05,daily,42,False,below_top_three
nested_rolling_730d,2024,2023-12-31,2022-01-01,time_series,ts_shrink_75_semiannual_vol360,024c9fa9e27b2006e072,0.5590569359381776,16.80940413896916,730,0.15,1.0,0.05,daily,43,False,below_top_three
nested_rolling_730d,2024,2023-12-31,2022-01-01,time_series,ts_shrink_90_quarterly_vol360,3664ee78ed03e1b68f7e,0.5588386095267225,27.93650095149351,730,0.25,1.0,0.05,daily,44,False,below_top_three
nested_rolling_730d,2024,2023-12-31,2022-01-01,time_series,ts_shrink_80_primary_quarterly_vol360,a3201f679e08ea7d4dd6,0.5588386095267225,27.93650095149351,730,0.25,1.0,0.05,daily,45,False,below_top_three
nested_rolling_730d,2024,2023-12-31,2022-01-01,time_series,ts_shrink_80_primary_annual_vol90,5f69c0e9f9412bc6780a,0.5588362297500578,36.358605275426,730,0.25,1.0,0.1,daily,46,False,below_top_three
nested_rolling_730d,2024,2023-12-31,2022-01-01,time_series,ts_shrink_90_annual_vol90,c78329d4a26ab08982cb,0.5588362297500578,36.358605275426,730,0.25,1.0,0.1,daily,47,False,below_top_three
nested_rolling_730d,2024,2023-12-31,2022-01-01,time_series,ts_shrink_75_quarterly_vol360,31162d4c330e05320a50,0.5586652267479992,27.95519920584828,730,0.25,1.0,0.05,daily,48,False,below_top_three
nested_rolling_730d,2024,2023-12-31,2022-01-01,time_series,ts_shrink_75_annual_vol90,0e2f4df6dd581c61d9d1,0.5554412122459669,36.46439361306963,730,0.25,1.0,0.1,daily,49,False,below_top_three
nested_rolling_730d,2024,2023-12-31,2022-01-01,time_series,ts_shrink_75_frozen_vol360,265ef8b13359988fad3a,0.5530669495406354,30.86209553732202,730,0.25,1.0,0.2,daily,50,False,below_top_three
nested_rolling_730d,2024,2023-12-31,2022-01-01,time_series,ts_shrink_80_primary_frozen_vol360,3ad2207081232539e69f,0.5528527494663327,24.68320007586015,730,0.2,1.0,0.2,daily,51,False,below_top_three
nested_rolling_730d,2024,2023-12-31,2022-01-01,time_series,ts_shrink_90_frozen_vol360,775abf08e9863ff2eae2,0.5528527494663327,24.68320007586015,730,0.2,1.0,0.2,daily,52,False,below_top_three
nested_rolling_730d,2025,2024-12-31,2023-01-02,time_series,ts_shrink_75_frozen_vol60,2b194518603fee32a075,1.065615319602448,25.2317502203898,730,0.15,1.0,0.4,daily,1,True,top_three_distinct_models
nested_rolling_730d,2025,2024-12-31,2023-01-02,time_series,ts_shrink_90_frozen_vol60,2ccedc96baa549149fbf,1.0656150573650838,42.05291560915357,730,0.25,1.5,0.2,daily,2,True,top_three_distinct_models
nested_rolling_730d,2025,2024-12-31,2023-01-02,time_series,ts_shrink_80_primary_frozen_vol60,bc36a61171062b5abc6f,1.0656150573650838,42.05291560915357,730,0.25,1.5,0.2,daily,3,True,top_three_distinct_models
nested_rolling_730d,2025,2024-12-31,2023-01-02,time_series,ts_shrink_75_semiannual_vol60,68ef90d55c8b433aa344,1.0566487184616802,27.003076274165284,730,0.15,1.0,0.4,daily,4,False,below_top_three
nested_rolling_730d,2025,2024-12-31,2023-01-02,time_series,ts_shrink_80_primary_semiannual_vol60,821615fafe198eaba05f,1.0562925033152841,35.989075984920724,730,0.2,1.0,0.4,daily,5,False,below_top_three
nested_rolling_730d,2025,2024-12-31,2023-01-02,time_series,ts_shrink_90_semiannual_vol60,b71da998214c2a9664a2,1.0562925033152841,35.989075984920724,730,0.2,1.0,0.4,daily,6,False,below_top_three
nested_rolling_730d,2025,2024-12-31,2023-01-02,time_series,ts_equal_vol60,70c2b27bd7d60bcb4a0d,1.0554535517351435,27.016449805776684,730,0.15,1.0,0.2,daily,7,False,below_top_three
nested_rolling_730d,2025,2024-12-31,2023-01-02,time_series,ts_shrink_75_quarterly_vol60,f9ec73ca4b0b5d76d3b9,1.054008659343462,36.03706810830459,730,0.2,1.0,0.2,daily,8,False,below_top_three
nested_rolling_730d,2025,2024-12-31,2023-01-02,time_series,ts_shrink_90_quarterly_vol60,0ba74b35af153f49103f,1.0531381499572343,36.037021790978244,730,0.2,1.0,0.2,daily,9,False,below_top_three
nested_rolling_730d,2025,2024-12-31,2023-01-02,time_series,ts_shrink_80_primary_quarterly_vol60,97786240a780cd8b0e1a,1.0531381499572343,36.037021790978244,730,0.2,1.0,0.2,daily,10,False,below_top_three
nested_rolling_730d,2025,2024-12-31,2023-01-02,time_series,ts_shrink_80_primary_annual_vol60,51543f95809cbbdc3b12,1.050341038914885,45.55675177885567,730,0.25,1.5,0.2,daily,11,False,below_top_three
nested_rolling_730d,2025,2024-12-31,2023-01-02,time_series,ts_shrink_90_annual_vol60,f6d3a5fd5ba494efe77c,1.050341038914885,45.55675177885567,730,0.25,1.5,0.2,daily,12,False,below_top_three
nested_rolling_730d,2025,2024-12-31,2023-01-02,time_series,ts_shrink_75_annual_vol60,ceafd41e5b669009c8e0,1.04887906516375,36.52518116292916,730,0.2,1.0,0.4,daily,13,False,below_top_three
nested_rolling_730d,2025,2024-12-31,2023-01-02,time_series,ts_equal_vol180,909d6df506255caffb84,0.7184418013216984,33.80952068190165,730,0.2,1.0,0.25,daily,14,False,below_top_three
nested_rolling_730d,2025,2024-12-31,2023-01-02,time_series,ts_shrink_75_semiannual_vol180,cef08a2498b5854dd42a,0.7162263155607129,25.377959418773905,730,0.15,1.0,0.15,daily,15,False,below_top_three
nested_rolling_730d,2025,2024-12-31,2023-01-02,time_series,ts_shrink_90_semiannual_vol180,28c88bef3beb4b5167aa,0.7160231767285914,59.212098473272306,730,0.35,1.5,0.15,daily,16,False,below_top_three
nested_rolling_730d,2025,2024-12-31,2023-01-02,time_series,ts_shrink_80_primary_semiannual_vol180,2ac17c3ce80b23097f53,0.7160231767285914,59.212098473272306,730,0.35,1.5,0.15,daily,17,False,below_top_three
nested_rolling_730d,2025,2024-12-31,2023-01-02,time_series,ts_shrink_75_frozen_vol180,40289964136ad6272486,0.715956922578349,23.960931327526573,730,0.15,1.0,0.2,daily,18,False,below_top_three
nested_rolling_730d,2025,2024-12-31,2023-01-02,time_series,ts_shrink_80_primary_frozen_vol180,23e72292b0bd1f21871e,0.7159567197828789,39.934877106598194,730,0.25,1.5,0.2,daily,19,False,below_top_three
nested_rolling_730d,2025,2024-12-31,2023-01-02,time_series,ts_shrink_90_frozen_vol180,90d5688da3b1d4970fe8,0.7159567197828789,39.934877106598194,730,0.25,1.5,0.2,daily,20,False,below_top_three
nested_rolling_730d,2025,2024-12-31,2023-01-02,time_series,ts_shrink_75_quarterly_vol180,bacd674b044953217272,0.7153667899249468,42.288840566057914,730,0.25,1.0,0.15,daily,21,False,below_top_three
nested_rolling_730d,2025,2024-12-31,2023-01-02,time_series,ts_shrink_90_quarterly_vol180,9a768b92487a6c3a7723,0.7140895368444624,25.38179185912405,730,0.15,1.0,0.15,daily,22,False,below_top_three
nested_rolling_730d,2025,2024-12-31,2023-01-02,time_series,ts_shrink_80_primary_quarterly_vol180,d5865ad94b752cd0eb3f,0.7140895368444624,25.38179185912405,730,0.15,1.0,0.15,daily,23,False,below_top_three
nested_rolling_730d,2025,2024-12-31,2023-01-02,time_series,ts_shrink_75_frozen_vol90,931b2970062fbcbbcd67,0.7140610195779102,39.565309263897404,730,0.25,1.0,0.1,daily,24,False,below_top_three
nested_rolling_730d,2025,2024-12-31,2023-01-02,time_series,ts_shrink_90_frozen_vol90,8ae8c1ff0008e6895ba3,0.7140607621231885,39.565306955969945,730,0.25,1.0,0.1,daily,25,False,below_top_three
nested_rolling_730d,2025,2024-12-31,2023-01-02,time_series,ts_shrink_80_primary_frozen_vol90,b56b1cd0e22c45ff4669,0.7140607621231885,39.565306955969945,730,0.25,1.0,0.1,daily,26,False,below_top_three
nested_rolling_730d,2025,2024-12-31,2023-01-02,time_series,ts_shrink_80_primary_annual_vol180,040fa9ba7d84f2837af4,0.7083015557936658,34.4043294796953,730,0.2,1.0,0.15,daily,27,False,below_top_three
nested_rolling_730d,2025,2024-12-31,2023-01-02,time_series,ts_shrink_90_annual_vol180,ac168a85ffe9010b852f,0.7083015557936658,34.4043294796953,730,0.2,1.0,0.15,daily,28,False,below_top_three
nested_rolling_730d,2025,2024-12-31,2023-01-02,time_series,ts_shrink_75_annual_vol180,e4ec7d4a4b36044b0289,0.7075635742263193,43.09179347796811,730,0.25,1.0,0.15,daily,29,False,below_top_three
nested_rolling_730d,2025,2024-12-31,2023-01-02,time_series,ts_shrink_90_semiannual_vol90,275628ca463d5775d20a,0.7040698704938924,42.598987146927165,730,0.25,1.0,0.3,daily,30,False,below_top_three
nested_rolling_730d,2025,2024-12-31,2023-01-02,time_series,ts_shrink_80_primary_semiannual_vol90,d485887bc34d787b109a,0.7040698704938924,42.598987146927165,730,0.25,1.0,0.3,daily,31,False,below_top_three
nested_rolling_730d,2025,2024-12-31,2023-01-02,time_series,ts_shrink_75_semiannual_vol90,e0ae5f840c5368aafe9b,0.7036264229303365,42.61781119100527,730,0.25,1.0,0.15,daily,32,False,below_top_three
nested_rolling_730d,2025,2024-12-31,2023-01-02,time_series,ts_shrink_80_primary_annual_vol90,6c5a15247304154534a8,0.7030363959680986,43.18182170410232,730,0.25,1.0,0.25,daily,33,False,below_top_three
nested_rolling_730d,2025,2024-12-31,2023-01-02,time_series,ts_shrink_90_annual_vol90,916fd80296df668cc65f,0.7030363959680986,43.18182170410232,730,0.25,1.0,0.25,daily,34,False,below_top_three
nested_rolling_730d,2025,2024-12-31,2023-01-02,time_series,ts_shrink_75_annual_vol90,ff3844de6a54fa614d80,0.7003823353920571,43.28558944642005,730,0.25,1.0,0.25,daily,35,False,below_top_three
nested_rolling_730d,2025,2024-12-31,2023-01-02,time_series,ts_shrink_80_primary_quarterly_vol90,7295e84134b6b9d8ccc6,0.696596092487043,42.69674571111252,730,0.25,1.0,0.2,daily,36,False,below_top_three
nested_rolling_730d,2025,2024-12-31,2023-01-02,time_series,ts_shrink_90_quarterly_vol90,c9136236d844ab8efcd9,0.696596092487043,42.69674571111252,730,0.25,1.0,0.25,daily,37,False,below_top_three
nested_rolling_730d,2025,2024-12-31,2023-01-02,time_series,ts_shrink_75_quarterly_vol90,9d5213895e3280aa2c0f,0.6965546045917711,42.70327346711926,730,0.25,1.0,0.15,daily,38,False,below_top_three
nested_rolling_730d,2025,2024-12-31,2023-01-02,time_series,ts_equal_vol90,211b3d44590ba9a4f648,0.6930129214150352,42.69530384246335,730,0.25,1.0,0.25,daily,39,False,below_top_three
nested_rolling_730d,2025,2024-12-31,2023-01-02,time_series,ts_equal_vol360,cc9f28ee94945fc2bb61,0.6255903725550782,30.689410410947435,730,0.2,1.0,0.05,daily,40,False,below_top_three
nested_rolling_730d,2025,2024-12-31,2023-01-02,time_series,ts_shrink_75_quarterly_vol360,b031b687fe3092d4ad93,0.6171519030872642,23.06407564075581,730,0.15,1.0,0.05,daily,41,False,below_top_three
nested_rolling_730d,2025,2024-12-31,2023-01-02,time_series,ts_shrink_75_semiannual_vol360,bacc6fbd215a08fd4721,0.6157933362648906,30.796309815902582,730,0.2,1.0,0.05,daily,42,False,below_top_three
nested_rolling_730d,2025,2024-12-31,2023-01-02,time_series,ts_shrink_90_quarterly_vol360,3664ee78ed03e1b68f7e,0.6144638457520541,38.46234056371847,730,0.25,1.0,0.05,daily,43,False,below_top_three
nested_rolling_730d,2025,2024-12-31,2023-01-02,time_series,ts_shrink_80_primary_quarterly_vol360,a3201f679e08ea7d4dd6,0.6144638457520541,38.46234056371847,730,0.25,1.0,0.05,daily,44,False,below_top_three
nested_rolling_730d,2025,2024-12-31,2023-01-02,time_series,ts_shrink_90_semiannual_vol360,8bb64d27f0d96c5c27e2,0.6142004730794143,30.805058541098653,730,0.2,1.0,0.05,daily,45,False,below_top_three
nested_rolling_730d,2025,2024-12-31,2023-01-02,time_series,ts_shrink_80_primary_semiannual_vol360,91a66bba9ab6bbfb9113,0.6142004730794143,30.805058541098653,730,0.2,1.0,0.05,daily,46,False,below_top_three
nested_rolling_730d,2025,2024-12-31,2023-01-02,time_series,ts_shrink_80_primary_frozen_vol360,10336e017028b9a2667f,0.6000143060915177,38.2057386163285,730,0.25,1.0,0.05,daily,47,False,below_top_three
nested_rolling_730d,2025,2024-12-31,2023-01-02,time_series,ts_shrink_90_frozen_vol360,420c65b894239192ebe2,0.6000143060915177,38.2057386163285,730,0.25,1.0,0.05,daily,48,False,below_top_three
nested_rolling_730d,2025,2024-12-31,2023-01-02,time_series,ts_shrink_75_frozen_vol360,40902f52a8f72cf536aa,0.6000141050104263,38.2057565964535,730,0.25,1.0,0.05,daily,49,False,below_top_three
nested_rolling_730d,2025,2024-12-31,2023-01-02,time_series,ts_shrink_80_primary_annual_vol360,17e2d11c7c36bed270f3,0.5884243021752772,39.2015902310975,730,0.25,1.0,0.05,daily,50,False,below_top_three
nested_rolling_730d,2025,2024-12-31,2023-01-02,time_series,ts_shrink_90_annual_vol360,a44fa835358447100ac3,0.5884243021752772,39.2015902310975,730,0.25,1.0,0.05,daily,51,False,below_top_three
nested_rolling_730d,2025,2024-12-31,2023-01-02,time_series,ts_shrink_75_annual_vol360,769f582c06fdb9446acb,0.5878051459511365,54.949259293955514,730,0.35,1.5,0.05,daily,52,False,below_top_three
nested_rolling_730d,2026_ytd,2025-12-31,2024-01-02,time_series,ts_equal_vol60,44901ada23e0c8878a03,0.39911657578092896,53.37259035738626,730,0.35,1.5,0.05,daily,1,True,top_three_distinct_models
nested_rolling_730d,2026_ytd,2025-12-31,2024-01-02,time_series,ts_shrink_75_semiannual_vol60,9827801246cf81cc9f31,0.39659897682243817,23.046173074583173,730,0.15,1.0,0.05,daily,2,True,top_three_distinct_models
nested_rolling_730d,2026_ytd,2025-12-31,2024-01-02,time_series,ts_shrink_90_semiannual_vol60,3a2dc0306790636c3800,0.3962408490621149,30.757167190244047,730,0.2,1.0,0.05,daily,3,True,top_three_distinct_models
nested_rolling_730d,2026_ytd,2025-12-31,2024-01-02,time_series,ts_shrink_80_primary_semiannual_vol60,44b9f54414fe1c0d50e5,0.3962408490621149,30.757167190244047,730,0.2,1.0,0.05,daily,4,False,below_top_three
nested_rolling_730d,2026_ytd,2025-12-31,2024-01-02,time_series,ts_shrink_75_quarterly_vol60,2d3d9d48c1426a876857,0.39605889376983255,22.949248452559576,730,0.15,1.0,0.05,daily,5,False,below_top_three
nested_rolling_730d,2026_ytd,2025-12-31,2024-01-02,time_series,ts_shrink_90_annual_vol60,486a98cbb235ef9c74e1,0.39525491352260295,30.732847895414274,730,0.2,1.0,0.05,daily,6,False,below_top_three
nested_rolling_730d,2026_ytd,2025-12-31,2024-01-02,time_series,ts_shrink_80_primary_annual_vol60,e111cd27d4f403f01292,0.39525491352260295,30.732847895414274,730,0.2,1.0,0.05,daily,7,False,below_top_three
nested_rolling_730d,2026_ytd,2025-12-31,2024-01-02,time_series,ts_shrink_75_annual_vol60,d0c22fc63ddaf704d251,0.395076722433921,38.37965005242006,730,0.25,1.0,0.05,daily,8,False,below_top_three
nested_rolling_730d,2026_ytd,2025-12-31,2024-01-02,time_series,ts_shrink_80_primary_quarterly_vol60,43862e59805b24f18e4f,0.3950473870927463,22.96515584385608,730,0.15,1.0,0.05,daily,9,False,below_top_three
nested_rolling_730d,2026_ytd,2025-12-31,2024-01-02,time_series,ts_shrink_90_quarterly_vol60,f9f5a7d1d3002825a22c,0.3950473870927463,22.96515584385608,730,0.15,1.0,0.05,daily,10,False,below_top_three
nested_rolling_730d,2026_ytd,2025-12-31,2024-01-02,time_series,ts_shrink_75_frozen_vol60,96eaafd42c58ef16d220,0.3614281911033453,43.798452562039685,730,0.3,1.0,0.2,daily,11,False,below_top_three
nested_rolling_730d,2026_ytd,2025-12-31,2024-01-02,time_series,ts_shrink_90_frozen_vol60,99b3f455c73433542f27,0.36142818974707575,43.79845256265303,730,0.3,1.0,0.2,daily,12,False,below_top_three
nested_rolling_730d,2026_ytd,2025-12-31,2024-01-02,time_series,ts_shrink_80_primary_frozen_vol60,e1816f7999db696b460f,0.36142818974707575,43.79845256265303,730,0.3,1.0,0.2,daily,13,False,below_top_three
nested_rolling_730d,2026_ytd,2025-12-31,2024-01-02,time_series,ts_shrink_75_annual_vol90,cc82de030643d6d62037,0.2826800778251396,42.25992027173566,730,0.3,1.0,0.05,daily,14,False,below_top_three
nested_rolling_730d,2026_ytd,2025-12-31,2024-01-02,time_series,ts_shrink_80_primary_annual_vol90,4889b7d5562a843e7fcd,0.2826183121851303,42.30771646403495,730,0.3,1.0,0.05,daily,15,False,below_top_three
nested_rolling_730d,2026_ytd,2025-12-31,2024-01-02,time_series,ts_shrink_90_annual_vol90,cca739a8fc3021b7606b,0.2826183121851303,42.30771646403495,730,0.3,1.0,0.05,daily,16,False,below_top_three
nested_rolling_730d,2026_ytd,2025-12-31,2024-01-02,time_series,ts_equal_vol90,875e00ce656250f347f0,0.27872179152562565,41.99006224493553,730,0.3,1.0,0.05,daily,17,False,below_top_three
nested_rolling_730d,2026_ytd,2025-12-31,2024-01-02,time_series,ts_shrink_75_semiannual_vol90,c9f7b9327913a1b956d5,0.27788901477106304,42.30053885973125,730,0.3,1.0,0.05,daily,18,False,below_top_three
nested_rolling_730d,2026_ytd,2025-12-31,2024-01-02,time_series,ts_shrink_80_primary_semiannual_vol90,5dc020aded51d9d9b086,0.27782311708956386,42.34130235654541,730,0.3,1.0,0.05,daily,19,False,below_top_three
nested_rolling_730d,2026_ytd,2025-12-31,2024-01-02,time_series,ts_shrink_90_semiannual_vol90,9077420b7071442cc79a,0.27782311708956386,42.34130235654541,730,0.3,1.0,0.05,daily,20,False,below_top_three
nested_rolling_730d,2026_ytd,2025-12-31,2024-01-02,time_series,ts_shrink_75_quarterly_vol90,fd1f7a1a5626389b197a,0.27632028811727655,42.12690348094802,730,0.3,1.0,0.05,daily,21,False,below_top_three
nested_rolling_730d,2026_ytd,2025-12-31,2024-01-02,time_series,ts_shrink_90_quarterly_vol90,1f8160b8796d35d8ac70,0.27544774518380394,42.15734361250246,730,0.3,1.0,0.05,daily,22,False,below_top_three
nested_rolling_730d,2026_ytd,2025-12-31,2024-01-02,time_series,ts_shrink_80_primary_quarterly_vol90,a274d99bacb18c486c7d,0.27544774518380394,42.15734361250246,730,0.3,1.0,0.05,daily,23,False,below_top_three
nested_rolling_730d,2026_ytd,2025-12-31,2024-01-02,time_series,ts_shrink_75_frozen_vol90,0529d8edc0a337463afa,0.2268832844685133,26.720926681384938,730,0.2,1.0,0.05,daily,24,False,below_top_three
nested_rolling_730d,2026_ytd,2025-12-31,2024-01-02,time_series,ts_shrink_80_primary_frozen_vol90,40071e842975ca995920,0.22688328370996894,46.76162168469794,730,0.35,1.5,0.05,daily,25,False,below_top_three
nested_rolling_730d,2026_ytd,2025-12-31,2024-01-02,time_series,ts_shrink_90_frozen_vol90,8674e3db4319f2b1bd5c,0.22688328370996894,46.76162168469794,730,0.35,1.5,0.05,daily,26,False,below_top_three
nested_rolling_730d,2026_ytd,2025-12-31,2024-01-02,time_series,ts_equal_vol180,e186b731fe42ca7a366d,0.09349257617899079,20.155925754295332,730,0.15,1.0,0.05,daily,27,False,below_top_three
nested_rolling_730d,2026_ytd,2025-12-31,2024-01-02,time_series,ts_shrink_75_quarterly_vol180,74b1204441c392173d9e,0.0926859490655878,26.96825909671307,730,0.2,1.0,0.05,daily,28,False,below_top_three
nested_rolling_730d,2026_ytd,2025-12-31,2024-01-02,time_series,ts_shrink_75_semiannual_vol180,efc53dd331fba00f6272,0.09236299576850102,33.86472592971966,730,0.25,1.0,0.05,daily,29,False,below_top_three
nested_rolling_730d,2026_ytd,2025-12-31,2024-01-02,time_series,ts_shrink_80_primary_semiannual_vol180,d4286ad4fccc626e2a9f,0.09235412367121554,33.903235053590926,730,0.25,1.0,0.05,daily,30,False,below_top_three
nested_rolling_730d,2026_ytd,2025-12-31,2024-01-02,time_series,ts_shrink_90_semiannual_vol180,d779f6cdf92ab10dfc77,0.09235412367121554,33.903235053590926,730,0.25,1.0,0.05,daily,31,False,below_top_three
nested_rolling_730d,2026_ytd,2025-12-31,2024-01-02,time_series,ts_shrink_90_quarterly_vol180,1f64a087ebf36e3421ec,0.09196420396231825,47.234935459573656,730,0.35,1.5,0.05,daily,32,False,below_top_three
nested_rolling_730d,2026_ytd,2025-12-31,2024-01-02,time_series,ts_shrink_80_primary_quarterly_vol180,4b23041548573555d9b9,0.09196420396231825,47.234935459573656,730,0.35,1.5,0.05,daily,33,False,below_top_three
nested_rolling_730d,2026_ytd,2025-12-31,2024-01-02,time_series,ts_shrink_80_primary_annual_vol180,b894cd6aa3e9fede5711,0.09156270371846317,47.44132217317679,730,0.35,1.5,0.05,daily,34,False,below_top_three
nested_rolling_730d,2026_ytd,2025-12-31,2024-01-02,time_series,ts_shrink_90_annual_vol180,ce0ae5377896f38277b3,0.09156270371846317,47.44132217317679,730,0.35,1.5,0.05,daily,35,False,below_top_three
nested_rolling_730d,2026_ytd,2025-12-31,2024-01-02,time_series,ts_shrink_75_annual_vol180,f661778cc12e008cc67a,0.09130641968906236,27.072820955539104,730,0.2,1.0,0.05,daily,36,False,below_top_three
nested_rolling_730d,2026_ytd,2025-12-31,2024-01-02,time_series,ts_shrink_75_frozen_vol360,40902f52a8f72cf536aa,0.05881011412486094,33.96195517706977,730,0.25,1.0,0.05,daily,37,False,below_top_three
nested_rolling_730d,2026_ytd,2025-12-31,2024-01-02,time_series,ts_shrink_80_primary_frozen_vol360,10336e017028b9a2667f,0.05881011124355681,33.96195515201274,730,0.25,1.0,0.05,daily,38,False,below_top_three
nested_rolling_730d,2026_ytd,2025-12-31,2024-01-02,time_series,ts_shrink_90_frozen_vol360,420c65b894239192ebe2,0.05881011124355681,33.96195515201274,730,0.25,1.0,0.05,daily,39,False,below_top_three
nested_rolling_730d,2026_ytd,2025-12-31,2024-01-02,time_series,ts_shrink_75_frozen_vol180,2b6b18c44318d499210b,0.058557822838558767,19.770353179298,730,0.15,1.0,0.1,daily,40,False,below_top_three
nested_rolling_730d,2026_ytd,2025-12-31,2024-01-02,time_series,ts_shrink_90_frozen_vol180,167afd8fbdf288558f57,0.05855782260698807,46.1308240631237,730,0.35,1.5,0.1,daily,41,False,below_top_three
nested_rolling_730d,2026_ytd,2025-12-31,2024-01-02,time_series,ts_shrink_80_primary_frozen_vol180,c16c958360b305951fc8,0.05855782260698807,46.1308240631237,730,0.35,1.5,0.1,daily,42,False,below_top_three
nested_rolling_730d,2026_ytd,2025-12-31,2024-01-02,time_series,ts_equal_vol360,7b462970915d393d455d,0.044565950448687476,46.94083179538466,730,0.35,1.5,0.05,daily,43,False,below_top_three
nested_rolling_730d,2026_ytd,2025-12-31,2024-01-02,time_series,ts_shrink_75_semiannual_vol360,024c9fa9e27b2006e072,0.0426286663194767,20.25361708541548,730,0.15,1.0,0.05,daily,44,False,below_top_three
nested_rolling_730d,2026_ytd,2025-12-31,2024-01-02,time_series,ts_shrink_75_quarterly_vol360,dceeb0940a070f1bbde2,0.042221689105510156,26.893807067298425,730,0.2,1.0,0.05,daily,45,False,below_top_three
nested_rolling_730d,2026_ytd,2025-12-31,2024-01-02,time_series,ts_shrink_90_semiannual_vol360,8bb64d27f0d96c5c27e2,0.04220845344074762,27.034027092925378,730,0.2,1.0,0.05,daily,46,False,below_top_three
nested_rolling_730d,2026_ytd,2025-12-31,2024-01-02,time_series,ts_shrink_80_primary_semiannual_vol360,91a66bba9ab6bbfb9113,0.04220845344074762,27.034027092925378,730,0.2,1.0,0.05,daily,47,False,below_top_three
nested_rolling_730d,2026_ytd,2025-12-31,2024-01-02,time_series,ts_shrink_90_quarterly_vol360,3bd56a801fde24d6619c,0.04119031317842075,20.185798283595837,730,0.15,1.0,0.05,daily,48,False,below_top_three
nested_rolling_730d,2026_ytd,2025-12-31,2024-01-02,time_series,ts_shrink_80_primary_quarterly_vol360,f918704fd2e96fcfd971,0.04119031317842075,20.185798283595837,730,0.15,1.0,0.05,daily,49,False,below_top_three
nested_rolling_730d,2026_ytd,2025-12-31,2024-01-02,time_series,ts_shrink_80_primary_annual_vol360,06e4cd9726a39478d024,0.03225558613528368,27.066986117713828,730,0.2,1.0,0.05,daily,50,False,below_top_three
nested_rolling_730d,2026_ytd,2025-12-31,2024-01-02,time_series,ts_shrink_90_annual_vol360,d24d8d74414de878fb58,0.03225558613528368,27.066986117713828,730,0.2,1.0,0.05,daily,51,False,below_top_three
nested_rolling_730d,2026_ytd,2025-12-31,2024-01-02,time_series,ts_shrink_75_annual_vol360,fc924952f91074a1d7bb,0.032082367970977556,33.7571741319931,730,0.25,1.0,0.05,daily,52,False,below_top_three
nested_rolling_730d,2022,2021-12-31,2020-09-07,breakout,breakout_crypto_equal_semiannual_vol360,107678aa0e466ed82806,3.1141553173111207,7.831447687279412,481,0.2,3.0,0.2,weekly,1,True,top_three_distinct_models
nested_rolling_730d,2022,2021-12-31,2020-09-07,breakout,breakout_crypto_shrink_90_semiannual_vol360,1a38ad03f33d6c77db53,3.1135647838587435,7.824992710882437,481,0.2,3.0,0.2,weekly,2,True,top_three_distinct_models
nested_rolling_730d,2022,2021-12-31,2020-09-07,breakout,breakout_crypto_shrink_80_primary_semiannual_vol360,761caeadad474882909c,3.1135647838587435,7.824992710882437,481,0.2,3.0,0.2,weekly,3,True,top_three_distinct_models
nested_rolling_730d,2022,2021-12-31,2020-09-07,breakout,breakout_crypto_shrink_75_semiannual_vol360,b0f3ec6da2a09e96dfe3,3.113402811793024,7.823407508793686,481,0.2,3.0,0.2,weekly,4,False,below_top_three
nested_rolling_730d,2022,2021-12-31,2020-09-07,breakout,breakout_carver5_equal_fixed_fdm_vol360,6faeb00981637dd78902,2.9648990086602844,8.408326926358487,481,0.15,3.0,0.35,weekly,5,False,below_top_three
nested_rolling_730d,2022,2021-12-31,2020-09-07,breakout,breakout_carver5_equal_causal_fdm_vol360,e871151ebf47511f1606,2.9648990086602844,8.40832692635849,481,0.15,3.0,0.35,weekly,6,False,below_top_three
nested_rolling_730d,2022,2021-12-31,2020-09-07,breakout,breakout_crypto_equal_quarterly_vol360,ea5bb7f36d6d924af59a,2.9549509338079694,8.293782848713738,481,0.15,3.0,0.35,weekly,7,False,below_top_three
nested_rolling_730d,2022,2021-12-31,2020-09-07,breakout,breakout_crypto_shrink_75_quarterly_vol360,11839a9094b730f0e0f9,2.9543897021250443,8.295299840911575,481,0.15,3.0,0.35,weekly,8,False,below_top_three
nested_rolling_730d,2022,2021-12-31,2020-09-07,breakout,breakout_crypto_shrink_80_primary_quarterly_vol360,7b37d75d09e09d52be18,2.9533727762565114,8.315174283874102,481,0.15,3.0,0.35,weekly,9,False,below_top_three
nested_rolling_730d,2022,2021-12-31,2020-09-07,breakout,breakout_crypto_shrink_90_quarterly_vol360,de687656e327170cc296,2.9533727762565114,8.315174283874102,481,0.15,3.0,0.35,weekly,10,False,below_top_three
nested_rolling_730d,2022,2021-12-31,2020-09-07,breakout,breakout_carver5_equal_fixed_fdm_vol60,58d374a3e5d614be0c54,2.0788141364198234,22.86531424952337,481,0.4,1.5,0.15,weekly,11,False,below_top_three
nested_rolling_730d,2022,2021-12-31,2020-09-07,breakout,breakout_carver5_equal_causal_fdm_vol60,b692fa0caa9780f9f220,2.0619244395330565,22.882804685093145,481,0.4,1.5,0.15,weekly,12,False,below_top_three
nested_rolling_730d,2022,2021-12-31,2020-09-07,breakout,breakout_crypto_equal_quarterly_vol60,5f60b63356a9c198092a,2.0031117405329644,22.599453014147663,481,0.4,1.5,0.15,weekly,13,False,below_top_three
nested_rolling_730d,2022,2021-12-31,2020-09-07,breakout,breakout_crypto_shrink_90_quarterly_vol60,bbec02b6a4ec6a3331f7,2.0010431042010985,23.046157470680463,481,0.4,1.5,0.15,weekly,14,False,below_top_three
nested_rolling_730d,2022,2021-12-31,2020-09-07,breakout,breakout_crypto_shrink_80_primary_quarterly_vol60,f038e087ca2582683e7b,2.0010431042010985,23.046157470680463,481,0.4,1.5,0.15,weekly,15,False,below_top_three
nested_rolling_730d,2022,2021-12-31,2020-09-07,breakout,breakout_crypto_shrink_75_quarterly_vol60,256770c0b92bd6086cd5,2.000066302318258,22.968415321457375,481,0.4,1.5,0.15,weekly,16,False,below_top_three
nested_rolling_730d,2022,2021-12-31,2020-09-07,breakout,breakout_carver5_equal_fixed_fdm_vol180,14ba33e60d6e698dd948,1.9993652317199129,17.064169427109253,481,0.4,1.0,0.15,weekly,17,False,below_top_three
nested_rolling_730d,2022,2021-12-31,2020-09-07,breakout,breakout_carver5_equal_causal_fdm_vol180,82549ce6f5515203aa6a,1.9993652317199124,17.064169427109253,481,0.4,1.0,0.15,weekly,18,False,below_top_three
nested_rolling_730d,2022,2021-12-31,2020-09-07,breakout,breakout_crypto_shrink_75_quarterly_vol180,6e6419b32356d1951946,1.9594654374394043,17.015705522334954,481,0.4,1.0,0.15,weekly,19,False,below_top_three
nested_rolling_730d,2022,2021-12-31,2020-09-07,breakout,breakout_crypto_shrink_80_primary_quarterly_vol180,a0efa5437254dcc7193f,1.9589562953306878,17.09138695995226,481,0.4,1.0,0.15,weekly,20,False,below_top_three
nested_rolling_730d,2022,2021-12-31,2020-09-07,breakout,breakout_crypto_shrink_90_quarterly_vol180,d29a542060a01ce26643,1.9589562953306878,17.09138695995226,481,0.4,1.0,0.15,weekly,21,False,below_top_three
nested_rolling_730d,2022,2021-12-31,2020-09-07,breakout,breakout_crypto_equal_quarterly_vol180,9ce9c0b2a893454ead46,1.9541041559637682,16.798856153166177,481,0.4,1.0,0.15,weekly,22,False,below_top_three
nested_rolling_730d,2022,2021-12-31,2020-09-07,breakout,breakout_crypto_shrink_75_semiannual_vol180,39458239f9be58c2eb04,1.9468677023253134,17.00074530674978,481,0.4,1.0,0.15,weekly,23,False,below_top_three
nested_rolling_730d,2022,2021-12-31,2020-09-07,breakout,breakout_crypto_shrink_90_semiannual_vol180,30cbdb0caab398469cd6,1.9466325433069092,17.075305730271584,481,0.4,1.0,0.15,weekly,24,False,below_top_three
nested_rolling_730d,2022,2021-12-31,2020-09-07,breakout,breakout_crypto_shrink_80_primary_semiannual_vol180,7a4f6f0056f8139b51bf,1.9466325433069092,17.075305730271584,481,0.4,1.0,0.15,weekly,25,False,below_top_three
nested_rolling_730d,2022,2021-12-31,2020-09-07,breakout,breakout_crypto_equal_semiannual_vol180,4660697a77b44de80aa9,1.9416369156425102,16.770120712824102,481,0.4,1.0,0.15,weekly,26,False,below_top_three
nested_rolling_730d,2022,2021-12-31,2020-09-07,breakout,breakout_crypto_shrink_80_primary_annual_vol60,01979754aef8a1eafc10,1.877250348383039,14.19893412143192,481,0.4,1.0,0.3,weekly,27,False,below_top_three
nested_rolling_730d,2022,2021-12-31,2020-09-07,breakout,breakout_crypto_shrink_90_annual_vol60,0afd2db6c2d971cab920,1.877250348383039,14.19893412143192,481,0.4,1.0,0.3,weekly,28,False,below_top_three
nested_rolling_730d,2022,2021-12-31,2020-09-07,breakout,breakout_crypto_shrink_80_primary_frozen_vol60,144f9be0fcc707c18565,1.877250348383039,14.19893412143192,481,0.4,1.0,0.2,weekly,29,False,below_top_three
nested_rolling_730d,2022,2021-12-31,2020-09-07,breakout,breakout_crypto_shrink_90_frozen_vol60,4820d9b7135cb54c47f7,1.877250348383039,14.19893412143192,481,0.4,1.0,0.25,weekly,30,False,below_top_three
nested_rolling_730d,2022,2021-12-31,2020-09-07,breakout,breakout_crypto_shrink_75_annual_vol60,22f1869755b7911bb25a,1.873006255700429,14.134307291262134,481,0.4,1.0,0.3,weekly,31,False,below_top_three
nested_rolling_730d,2022,2021-12-31,2020-09-07,breakout,breakout_crypto_shrink_75_frozen_vol60,4bb06d4a5ede9bf3ff4a,1.873006255700429,14.134307291262134,481,0.4,1.0,0.4,weekly,32,False,below_top_three
nested_rolling_730d,2022,2021-12-31,2020-09-07,breakout,breakout_crypto_equal_frozen_vol60,097c5a7244eba339d1db,1.8667962429046177,14.004179098134266,481,0.4,1.0,0.4,weekly,33,False,below_top_three
nested_rolling_730d,2022,2021-12-31,2020-09-07,breakout,breakout_crypto_equal_annual_vol60,5b65942c70cf7b3cf624,1.8667962429046177,14.004179098134266,481,0.4,1.0,0.4,weekly,34,False,below_top_three
nested_rolling_730d,2022,2021-12-31,2020-09-07,breakout,breakout_crypto_equal_semiannual_vol60,7ed67e8c7a2cb233e513,1.8542450853822632,20.737196489207363,481,0.35,1.5,0.15,weekly,35,False,below_top_three
nested_rolling_730d,2022,2021-12-31,2020-09-07,breakout,breakout_crypto_shrink_90_semiannual_vol60,e867faf0f12fb4308829,1.8506175181768985,14.71239106411483,481,0.25,1.0,0.15,weekly,36,False,below_top_three
nested_rolling_730d,2022,2021-12-31,2020-09-07,breakout,breakout_crypto_shrink_80_primary_semiannual_vol60,fa65d7f98d9ebdd07360,1.8506175181768985,14.71239106411483,481,0.25,1.0,0.15,weekly,37,False,below_top_three
nested_rolling_730d,2022,2021-12-31,2020-09-07,breakout,breakout_crypto_shrink_75_semiannual_vol60,776fe1dc8ca3646f651c,1.8503740958900254,14.660280008203479,481,0.25,1.0,0.15,weekly,38,False,below_top_three
nested_rolling_730d,2022,2021-12-31,2020-09-07,breakout,breakout_carver5_equal_fixed_fdm_vol90,0f28d8228d51f9a127ca,1.8286610782474209,21.91109779648521,481,0.35,2.0,0.15,weekly,39,False,below_top_three
nested_rolling_730d,2022,2021-12-31,2020-09-07,breakout,breakout_carver5_equal_causal_fdm_vol90,6478456b27d351e3e2e7,1.803910662562948,21.997164134067535,481,0.35,2.0,0.15,weekly,40,False,below_top_three
nested_rolling_730d,2022,2021-12-31,2020-09-07,breakout,breakout_crypto_equal_quarterly_vol90,d44263edb0d3ea0257bc,1.7589415245283941,15.843253729448515,481,0.25,1.5,0.15,weekly,41,False,below_top_three
nested_rolling_730d,2022,2021-12-31,2020-09-07,breakout,breakout_crypto_shrink_90_quarterly_vol90,1dfd1b7c82d701f26361,1.756607129695071,22.18471122623093,481,0.35,2.0,0.15,weekly,42,False,below_top_three
nested_rolling_730d,2022,2021-12-31,2020-09-07,breakout,breakout_crypto_shrink_80_primary_quarterly_vol90,51d31d30abd2a56e6e5c,1.756607129695071,22.18471122623093,481,0.35,2.0,0.15,weekly,43,False,below_top_three
nested_rolling_730d,2022,2021-12-31,2020-09-07,breakout,breakout_crypto_shrink_75_quarterly_vol90,0443446ecc666e1b229b,1.7557228025616813,22.10268563534216,481,0.35,2.0,0.15,weekly,44,False,below_top_three
nested_rolling_730d,2022,2021-12-31,2020-09-07,breakout,breakout_crypto_equal_frozen_vol180,3b64fa8b879c870aa27d,1.699937404150544,12.038934036752773,481,0.4,1.0,0.2,weekly,45,False,below_top_three
nested_rolling_730d,2022,2021-12-31,2020-09-07,breakout,breakout_crypto_equal_annual_vol180,6d57e4aff682db6969f7,1.699937404150544,12.038934036752773,481,0.4,1.0,0.2,weekly,46,False,below_top_three
nested_rolling_730d,2022,2021-12-31,2020-09-07,breakout,breakout_crypto_shrink_90_frozen_vol180,033ddfadc511716a6833,1.6928365626992472,12.39436531792668,481,0.4,1.0,0.2,weekly,47,False,below_top_three
nested_rolling_730d,2022,2021-12-31,2020-09-07,breakout,breakout_crypto_shrink_80_primary_annual_vol180,1a52efba6b033518c509,1.6928365626992472,12.39436531792668,481,0.4,1.0,0.2,weekly,48,False,below_top_three
nested_rolling_730d,2022,2021-12-31,2020-09-07,breakout,breakout_crypto_shrink_90_annual_vol180,8c594bdaa8ed7a63f50f,1.6928365626992472,12.39436531792668,481,0.4,1.0,0.2,weekly,49,False,below_top_three
nested_rolling_730d,2022,2021-12-31,2020-09-07,breakout,breakout_crypto_shrink_80_primary_frozen_vol180,ae7691b0119aa8bc13c9,1.6928365626992472,12.39436531792668,481,0.4,1.0,0.2,weekly,50,False,below_top_three
nested_rolling_730d,2022,2021-12-31,2020-09-07,breakout,breakout_crypto_shrink_75_frozen_vol180,141045f9d85e11018334,1.6919758476007265,12.295970455993402,481,0.4,1.0,0.2,weekly,51,False,below_top_three
nested_rolling_730d,2022,2021-12-31,2020-09-07,breakout,breakout_crypto_shrink_75_annual_vol180,e7b6d18cb03ebd2f1738,1.6919758476007265,12.295970455993402,481,0.4,1.0,0.2,weekly,52,False,below_top_three
nested_rolling_730d,2022,2021-12-31,2020-09-07,breakout,breakout_crypto_equal_semiannual_vol90,a82daee6a70adc896599,1.6713398781000164,25.75068489990621,481,0.4,2.5,0.15,weekly,53,False,below_top_three
nested_rolling_730d,2022,2021-12-31,2020-09-07,breakout,breakout_crypto_shrink_80_primary_semiannual_vol90,6e840154092265e1897f,1.6700552313047832,16.174030584669946,481,0.25,1.5,0.15,weekly,54,False,below_top_three
nested_rolling_730d,2022,2021-12-31,2020-09-07,breakout,breakout_crypto_shrink_90_semiannual_vol90,ac8583459153a7353335,1.6700552313047832,16.174030584669946,481,0.25,1.5,0.15,weekly,55,False,below_top_three
nested_rolling_730d,2022,2021-12-31,2020-09-07,breakout,breakout_crypto_shrink_75_semiannual_vol90,e898e91f815669f0fad1,1.669150711435503,16.111625915717426,481,0.25,1.5,0.15,weekly,56,False,below_top_three
nested_rolling_730d,2022,2021-12-31,2020-09-07,breakout,breakout_crypto_shrink_80_primary_frozen_vol90,01df695de607d5140ec9,1.5965468802608436,12.886226582478063,481,0.4,1.0,0.2,weekly,57,False,below_top_three
nested_rolling_730d,2022,2021-12-31,2020-09-07,breakout,breakout_crypto_shrink_80_primary_annual_vol90,0729d86c196a3ca8bef6,1.5965468802608436,12.886226582478063,481,0.4,1.0,0.25,weekly,58,False,below_top_three
nested_rolling_730d,2022,2021-12-31,2020-09-07,breakout,breakout_crypto_shrink_90_annual_vol90,351bfdb702cb07621c73,1.5965468802608436,12.886226582478063,481,0.4,1.0,0.35,weekly,59,False,below_top_three
nested_rolling_730d,2022,2021-12-31,2020-09-07,breakout,breakout_crypto_shrink_90_frozen_vol90,3d38db556fbdf5cc06e2,1.5965468802608436,12.886226582478063,481,0.4,1.0,0.3,weekly,60,False,below_top_three
nested_rolling_730d,2022,2021-12-31,2020-09-07,breakout,breakout_crypto_shrink_75_annual_vol90,4c4e193c0ecc55f864f4,1.5953683759743238,12.821967607057836,481,0.4,1.0,0.2,weekly,61,False,below_top_three
nested_rolling_730d,2022,2021-12-31,2020-09-07,breakout,breakout_crypto_shrink_75_frozen_vol90,502369d63da87d8ff6b9,1.5953683759743238,12.821967607057836,481,0.4,1.0,0.4,weekly,62,False,below_top_three
nested_rolling_730d,2022,2021-12-31,2020-09-07,breakout,breakout_crypto_equal_annual_vol90,203b48df5415454ec9e9,1.5893979571245673,12.677677611547098,481,0.4,1.0,0.3,weekly,63,False,below_top_three
nested_rolling_730d,2022,2021-12-31,2020-09-07,breakout,breakout_crypto_equal_frozen_vol90,24cddfe7e8e367716ee9,1.5893979571245673,12.677677611547098,481,0.4,1.0,0.4,weekly,64,False,below_top_three
nested_rolling_730d,2022,2021-12-31,2020-09-07,breakout,breakout_crypto_equal_frozen_vol360,4e8906069b9cde0d381b,0.9346996023863029,4.51359809359667,481,0.35,1.5,0.4,monthly,65,False,below_top_three
nested_rolling_730d,2022,2021-12-31,2020-09-07,breakout,breakout_crypto_equal_annual_vol360,7263dd104854bb6fdb51,0.9346996023863029,4.51359809359667,481,0.35,1.5,0.4,monthly,66,False,below_top_three
nested_rolling_730d,2022,2021-12-31,2020-09-07,breakout,breakout_crypto_shrink_75_frozen_vol360,b31cdf305280ce47bdf5,0.9214450474839606,3.305041547689021,481,0.25,1.0,0.4,monthly,67,False,below_top_three
nested_rolling_730d,2022,2021-12-31,2020-09-07,breakout,breakout_crypto_shrink_75_annual_vol360,bb275b25b88ba9d76676,0.9214450474839606,3.305041547689021,481,0.25,1.0,0.4,monthly,68,False,below_top_three
nested_rolling_730d,2022,2021-12-31,2020-09-07,breakout,breakout_crypto_shrink_80_primary_frozen_vol360,3e6454418913b8fb8300,0.9176772091072497,2.0072258004124643,481,0.15,1.0,0.4,monthly,69,False,below_top_three
nested_rolling_730d,2022,2021-12-31,2020-09-07,breakout,breakout_crypto_shrink_90_frozen_vol360,87334c4da6a4167f686c,0.9176772091072497,2.0072258004124643,481,0.15,1.0,0.4,monthly,70,False,below_top_three
nested_rolling_730d,2022,2021-12-31,2020-09-07,breakout,breakout_crypto_shrink_80_primary_annual_vol360,b2b0590d8ad0f36f4572,0.9176772091072497,2.0072258004124643,481,0.15,1.0,0.4,monthly,71,False,below_top_three
nested_rolling_730d,2022,2021-12-31,2020-09-07,breakout,breakout_crypto_shrink_90_annual_vol360,ce128d6632e34d11046c,0.9176772091072497,2.0072258004124643,481,0.15,1.0,0.4,monthly,72,False,below_top_three
nested_rolling_730d,2023,2022-12-31,2021-01-01,breakout,breakout_crypto_shrink_75_annual_vol60,218502f5dac132b5fc3f,1.3393323519786562,14.047910804169494,730,0.15,1.0,0.15,daily,1,True,top_three_distinct_models
nested_rolling_730d,2023,2022-12-31,2021-01-01,breakout,breakout_crypto_equal_annual_vol60,7911cb65733a70cd0d88,1.339175300301951,23.225210582015208,730,0.25,1.5,0.15,daily,2,True,top_three_distinct_models
nested_rolling_730d,2023,2022-12-31,2021-01-01,breakout,breakout_crypto_shrink_90_annual_vol60,8aac5482591ea501632f,1.3376572782334246,18.787526099900557,730,0.2,1.0,0.15,daily,3,True,top_three_distinct_models
nested_rolling_730d,2023,2022-12-31,2021-01-01,breakout,breakout_crypto_shrink_80_primary_annual_vol60,fc221ae2fa47d50af1dc,1.3376572782334246,18.787526099900557,730,0.2,1.0,0.15,daily,4,False,below_top_three
nested_rolling_730d,2023,2022-12-31,2021-01-01,breakout,breakout_crypto_shrink_75_frozen_vol60,f5fb9e5e294d6240e1e0,1.2899431924364315,18.935608189760814,730,0.2,1.0,0.15,daily,5,False,below_top_three
nested_rolling_730d,2023,2022-12-31,2021-01-01,breakout,breakout_crypto_equal_frozen_vol60,353f3dca0dbd00013920,1.2895975129901827,18.794584973795775,730,0.2,1.0,0.15,daily,6,False,below_top_three
nested_rolling_730d,2023,2022-12-31,2021-01-01,breakout,breakout_crypto_shrink_90_frozen_vol60,e8450657fc29ecf7d873,1.288299496820934,18.9884277862675,730,0.2,1.0,0.15,daily,7,False,below_top_three
nested_rolling_730d,2023,2022-12-31,2021-01-01,breakout,breakout_crypto_shrink_80_primary_frozen_vol60,eeb56f2f8e7d7df329fc,1.288299496820934,18.9884277862675,730,0.2,1.0,0.15,daily,8,False,below_top_three
nested_rolling_730d,2023,2022-12-31,2021-01-01,breakout,breakout_carver5_equal_fixed_fdm_vol60,14f7952f8b60be2819d7,1.182952632856159,22.802584527212993,730,0.25,1.0,0.15,daily,9,False,below_top_three
nested_rolling_730d,2023,2022-12-31,2021-01-01,breakout,breakout_crypto_equal_annual_vol180,88ca270fc8a12a6e59fb,1.1781922948518901,20.833015756433092,730,0.25,2.0,0.2,daily,10,False,below_top_three
nested_rolling_730d,2023,2022-12-31,2021-01-01,breakout,breakout_carver5_equal_causal_fdm_vol60,4ffc0f3569d4933c0de5,1.1776556080969383,13.675620512097643,730,0.15,1.0,0.15,daily,11,False,below_top_three
nested_rolling_730d,2023,2022-12-31,2021-01-01,breakout,breakout_crypto_shrink_75_annual_vol180,b5baad86eb537d7f8056,1.1696331084887395,12.724434953546508,730,0.15,1.5,0.2,daily,12,False,below_top_three
nested_rolling_730d,2023,2022-12-31,2021-01-01,breakout,breakout_crypto_shrink_90_annual_vol180,3abc95efeb5214ef513e,1.166114879525192,12.788002420698806,730,0.15,1.5,0.2,daily,13,False,below_top_three
nested_rolling_730d,2023,2022-12-31,2021-01-01,breakout,breakout_crypto_shrink_80_primary_annual_vol180,f333239de1a5e84a9e3c,1.166114879525192,12.788002420698806,730,0.15,1.5,0.2,daily,14,False,below_top_three
nested_rolling_730d,2023,2022-12-31,2021-01-01,breakout,breakout_crypto_equal_annual_vol90,7c26725ae945c92dc834,1.1541601152564016,21.706058952344744,730,0.25,1.5,0.15,daily,15,False,below_top_three
nested_rolling_730d,2023,2022-12-31,2021-01-01,breakout,breakout_crypto_shrink_75_annual_vol90,c1913b0b3a85a485ae49,1.152754146478671,13.150650404742025,730,0.15,1.0,0.15,daily,16,False,below_top_three
nested_rolling_730d,2023,2022-12-31,2021-01-01,breakout,breakout_crypto_shrink_80_primary_annual_vol90,3ffaea69c0ef02a0d2b7,1.1494758785478192,17.592089135862633,730,0.2,1.5,0.15,daily,17,False,below_top_three
nested_rolling_730d,2023,2022-12-31,2021-01-01,breakout,breakout_crypto_shrink_90_annual_vol90,e1402d91fad6b38e01a8,1.1494758785478192,17.592089135862633,730,0.2,1.5,0.15,daily,18,False,below_top_three
nested_rolling_730d,2023,2022-12-31,2021-01-01,breakout,breakout_crypto_shrink_80_primary_quarterly_vol60,76cd2b5f5c55c43e1128,1.1459772174777811,13.661810307033514,730,0.15,1.0,0.15,daily,19,False,below_top_three
nested_rolling_730d,2023,2022-12-31,2021-01-01,breakout,breakout_crypto_shrink_90_quarterly_vol60,b625be891aad547b1f4b,1.1459772174777811,13.661810307033514,730,0.15,1.0,0.15,daily,20,False,below_top_three
nested_rolling_730d,2023,2022-12-31,2021-01-01,breakout,breakout_crypto_shrink_75_quarterly_vol60,58bdafee4644e461582a,1.1429945978080298,13.68953610993084,730,0.15,1.0,0.15,daily,21,False,below_top_three
nested_rolling_730d,2023,2022-12-31,2021-01-01,breakout,breakout_carver5_equal_causal_fdm_vol180,bd4f43e30dfe8a178691,1.1407542871102276,15.059996772376952,730,0.2,1.0,0.15,daily,22,False,below_top_three
nested_rolling_730d,2023,2022-12-31,2021-01-01,breakout,breakout_carver5_equal_fixed_fdm_vol180,f3e67507d04c495b2d0a,1.1407542871102274,11.294997579282711,730,0.15,1.0,0.15,daily,23,False,below_top_three
nested_rolling_730d,2023,2022-12-31,2021-01-01,breakout,breakout_crypto_shrink_75_semiannual_vol180,29e12c614bb52ddd816a,1.1296954904834806,18.6066868341618,730,0.25,1.0,0.15,daily,24,False,below_top_three
nested_rolling_730d,2023,2022-12-31,2021-01-01,breakout,breakout_crypto_equal_quarterly_vol60,ae8b4b83ae278abf1db8,1.1295661928478602,13.818260189921762,730,0.15,1.0,0.15,daily,25,False,below_top_three
nested_rolling_730d,2023,2022-12-31,2021-01-01,breakout,breakout_crypto_equal_semiannual_vol180,79c1d03241ddb6ae0ee7,1.1279563035510927,18.70723335395069,730,0.25,1.0,0.15,daily,26,False,below_top_three
nested_rolling_730d,2023,2022-12-31,2021-01-01,breakout,breakout_crypto_shrink_80_primary_semiannual_vol180,8e17754757677b1a4bf4,1.1279013871604355,11.165462519163242,730,0.15,1.0,0.15,daily,27,False,below_top_three
nested_rolling_730d,2023,2022-12-31,2021-01-01,breakout,breakout_crypto_shrink_90_semiannual_vol180,f356d1b8a005dc59847b,1.1279013871604355,11.165462519163242,730,0.15,1.0,0.15,daily,28,False,below_top_three
nested_rolling_730d,2023,2022-12-31,2021-01-01,breakout,breakout_crypto_shrink_75_quarterly_vol180,4965807240c589c2216e,1.1074823397084703,11.26328461150074,730,0.15,1.0,0.15,daily,29,False,below_top_three
nested_rolling_730d,2023,2022-12-31,2021-01-01,breakout,breakout_crypto_shrink_90_quarterly_vol180,e211995f96db3f842268,1.106930783983982,18.763232610229615,730,0.25,1.0,0.15,daily,30,False,below_top_three
nested_rolling_730d,2023,2022-12-31,2021-01-01,breakout,breakout_crypto_shrink_80_primary_quarterly_vol180,eb29b2d0d3737a2e17cb,1.106930783983982,18.763232610229615,730,0.25,1.0,0.15,daily,31,False,below_top_three
nested_rolling_730d,2023,2022-12-31,2021-01-01,breakout,breakout_crypto_equal_quarterly_vol180,345572b91c9cc785d2a3,1.102416371985109,26.443232847050787,730,0.35,1.0,0.15,daily,32,False,below_top_three
nested_rolling_730d,2023,2022-12-31,2021-01-01,breakout,breakout_crypto_equal_frozen_vol180,3b64fa8b879c870aa27d,1.1002404952475588,16.73042289974147,730,0.4,1.0,0.2,weekly,33,False,below_top_three
nested_rolling_730d,2023,2022-12-31,2021-01-01,breakout,breakout_crypto_shrink_90_frozen_vol180,033ddfadc511716a6833,1.0959512663615605,16.965062951797105,730,0.4,1.0,0.2,weekly,34,False,below_top_three
nested_rolling_730d,2023,2022-12-31,2021-01-01,breakout,breakout_crypto_shrink_80_primary_frozen_vol180,ae7691b0119aa8bc13c9,1.0959512663615605,16.965062951797105,730,0.4,1.0,0.2,weekly,35,False,below_top_three
nested_rolling_730d,2023,2022-12-31,2021-01-01,breakout,breakout_crypto_shrink_75_frozen_vol180,141045f9d85e11018334,1.0957778388304322,16.899797357584017,730,0.4,1.0,0.2,weekly,36,False,below_top_three
nested_rolling_730d,2023,2022-12-31,2021-01-01,breakout,breakout_crypto_equal_frozen_vol90,a87ffdbcab31abe10226,1.042700035470747,22.421938828220576,730,0.25,1.5,0.15,daily,37,False,below_top_three
nested_rolling_730d,2023,2022-12-31,2021-01-01,breakout,breakout_crypto_shrink_75_frozen_vol90,3a82137e3a17feb34c3f,1.0416715729357429,13.571910888147173,730,0.15,1.0,0.15,daily,38,False,below_top_three
nested_rolling_730d,2023,2022-12-31,2021-01-01,breakout,breakout_crypto_shrink_80_primary_frozen_vol90,33d1cb8603e1e79a196c,1.038362499541289,13.612137065598603,730,0.15,1.0,0.15,daily,39,False,below_top_three
nested_rolling_730d,2023,2022-12-31,2021-01-01,breakout,breakout_crypto_shrink_90_frozen_vol90,d659ac7f9a2ae2e5e43b,1.038362499541289,13.612137065598603,730,0.15,1.0,0.15,daily,40,False,below_top_three
nested_rolling_730d,2023,2022-12-31,2021-01-01,breakout,breakout_crypto_shrink_90_semiannual_vol360,5b06b48f6adaf198de1b,1.0242335390309045,9.126647485894598,730,0.15,1.0,0.15,daily,41,False,below_top_three
nested_rolling_730d,2023,2022-12-31,2021-01-01,breakout,breakout_crypto_shrink_80_primary_semiannual_vol360,f3db18b0bcb965ecd2d3,1.0242335390309045,9.126647485894598,730,0.15,1.0,0.15,daily,42,False,below_top_three
nested_rolling_730d,2023,2022-12-31,2021-01-01,breakout,breakout_crypto_shrink_75_semiannual_vol360,82dbdd20767b1c7b2a79,1.0233391256842006,21.325554359901332,730,0.35,1.5,0.15,daily,43,False,below_top_three
nested_rolling_730d,2023,2022-12-31,2021-01-01,breakout,breakout_crypto_equal_semiannual_vol360,9d2ba265228e7e2c95f9,1.0195470415025718,12.294626164265305,730,0.2,1.0,0.15,daily,44,False,below_top_three
nested_rolling_730d,2023,2022-12-31,2021-01-01,breakout,breakout_crypto_shrink_75_semiannual_vol60,d7e1c31c2d31f3f9b456,0.999265796689041,31.713698068668354,730,0.35,1.5,0.2,daily,45,False,below_top_three
nested_rolling_730d,2023,2022-12-31,2021-01-01,breakout,breakout_crypto_shrink_90_semiannual_vol60,2c0bdc88f9312fef247c,0.9982572743796537,13.58656891393956,730,0.15,1.0,0.2,daily,46,False,below_top_three
nested_rolling_730d,2023,2022-12-31,2021-01-01,breakout,breakout_crypto_shrink_80_primary_semiannual_vol60,8e742c3f890de0b8ac42,0.9982572743796537,13.58656891393956,730,0.15,1.0,0.2,daily,47,False,below_top_three
nested_rolling_730d,2023,2022-12-31,2021-01-01,breakout,breakout_crypto_equal_semiannual_vol60,cf60f6317a20285fed11,0.9935543320759269,31.940100178449587,730,0.35,1.5,0.2,daily,48,False,below_top_three
nested_rolling_730d,2023,2022-12-31,2021-01-01,breakout,breakout_carver5_equal_causal_fdm_vol360,ecf3a91ff226c7fbc708,0.950767919057863,14.265556900469752,730,0.2,1.0,0.15,daily,49,False,below_top_three
nested_rolling_730d,2023,2022-12-31,2021-01-01,breakout,breakout_carver5_equal_fixed_fdm_vol360,c5d554618e070ba8989f,0.9507679190578627,10.69916767535231,730,0.15,1.0,0.15,daily,50,False,below_top_three
nested_rolling_730d,2023,2022-12-31,2021-01-01,breakout,breakout_carver5_equal_fixed_fdm_vol90,d4c7a075340c7e378b03,0.9163354473943104,33.27401366750932,730,0.4,1.0,0.1,daily,51,False,below_top_three
nested_rolling_730d,2023,2022-12-31,2021-01-01,breakout,breakout_crypto_shrink_80_primary_quarterly_vol360,c93216161aa6edc26817,0.9141206584064171,24.69035037186722,730,0.35,1.5,0.15,daily,52,False,below_top_three
nested_rolling_730d,2023,2022-12-31,2021-01-01,breakout,breakout_crypto_shrink_90_quarterly_vol360,e72656591f4b9250296f,0.9141206584064171,24.69035037186722,730,0.35,1.5,0.15,daily,53,False,below_top_three
nested_rolling_730d,2023,2022-12-31,2021-01-01,breakout,breakout_carver5_equal_causal_fdm_vol90,29026502caf6a0bdb254,0.9127843252300845,33.263988082796835,730,0.4,1.0,0.1,daily,54,False,below_top_three
nested_rolling_730d,2023,2022-12-31,2021-01-01,breakout,breakout_crypto_shrink_75_quarterly_vol360,1eca6f7864f5a018aa7c,0.9120040498637637,14.147654645154192,730,0.2,1.0,0.15,daily,55,False,below_top_three
nested_rolling_730d,2023,2022-12-31,2021-01-01,breakout,breakout_crypto_equal_quarterly_vol360,5adf6e4df1f425f57864,0.9064966293491087,14.299699975983856,730,0.2,1.0,0.15,daily,56,False,below_top_three
nested_rolling_730d,2023,2022-12-31,2021-01-01,breakout,breakout_crypto_shrink_80_primary_quarterly_vol90,089baefb48fa93f1c322,0.8863160492444041,33.25015293544663,730,0.4,1.0,0.1,daily,57,False,below_top_three
nested_rolling_730d,2023,2022-12-31,2021-01-01,breakout,breakout_crypto_shrink_90_quarterly_vol90,2590ecd6dd3859662f39,0.8863160492444041,33.25015293544663,730,0.4,1.0,0.1,daily,58,False,below_top_three
nested_rolling_730d,2023,2022-12-31,2021-01-01,breakout,breakout_crypto_shrink_75_quarterly_vol90,a0449e9ca0913ac1c0f4,0.8850575909758981,33.30208769358751,730,0.4,1.0,0.1,daily,59,False,below_top_three
nested_rolling_730d,2023,2022-12-31,2021-01-01,breakout,breakout_crypto_equal_quarterly_vol90,376a4156004228e99b2b,0.8763832416276696,33.55699013773227,730,0.4,1.0,0.1,daily,60,False,below_top_three
nested_rolling_730d,2023,2022-12-31,2021-01-01,breakout,breakout_crypto_shrink_75_semiannual_vol90,e515ff7bc2d3f05e24e1,0.822764921533159,33.222425863956715,730,0.4,1.0,0.2,daily,61,False,below_top_three
nested_rolling_730d,2023,2022-12-31,2021-01-01,breakout,breakout_crypto_shrink_80_primary_semiannual_vol90,010f5671dc9f1306855f,0.8219392142790957,33.20471407217215,730,0.4,1.0,0.2,daily,62,False,below_top_three
nested_rolling_730d,2023,2022-12-31,2021-01-01,breakout,breakout_crypto_shrink_90_semiannual_vol90,7d4c5670ec0d2d8a0bc6,0.8219392142790957,33.20471407217215,730,0.4,1.0,0.2,daily,63,False,below_top_three
nested_rolling_730d,2023,2022-12-31,2021-01-01,breakout,breakout_crypto_equal_semiannual_vol90,362eb120d0ab41fab44f,0.8192735187139819,33.46002729477239,730,0.4,1.0,0.15,daily,64,False,below_top_three
nested_rolling_730d,2023,2022-12-31,2021-01-01,breakout,breakout_crypto_equal_annual_vol360,1d7dafd5b89cb21eab86,0.6983631020056124,2.6348373464066133,730,0.15,1.0,0.4,monthly,65,False,below_top_three
nested_rolling_730d,2023,2022-12-31,2021-01-01,breakout,breakout_crypto_shrink_75_annual_vol360,bb275b25b88ba9d76676,0.6894409207263745,4.445821375033084,730,0.25,1.0,0.4,monthly,66,False,below_top_three
nested_rolling_730d,2023,2022-12-31,2021-01-01,breakout,breakout_crypto_shrink_90_annual_vol360,61951cda002a814d414b,0.6867964804485434,6.262927022566937,730,0.35,1.5,0.4,monthly,67,False,below_top_three
nested_rolling_730d,2023,2022-12-31,2021-01-01,breakout,breakout_crypto_shrink_80_primary_annual_vol360,b942351f8f8ca73c80dc,0.6867964804485434,6.262927022566937,730,0.35,1.5,0.4,monthly,68,False,below_top_three
nested_rolling_730d,2023,2022-12-31,2021-01-01,breakout,breakout_crypto_equal_frozen_vol360,740e5fab17bfd8b0e663,0.6828186032906498,11.809723328579881,730,0.35,1.0,0.3,weekly,69,False,below_top_three
nested_rolling_730d,2023,2022-12-31,2021-01-01,breakout,breakout_crypto_shrink_75_frozen_vol360,e6e13b297ca845c1a07f,0.6786727809492422,11.936913351222733,730,0.35,1.0,0.3,weekly,70,False,below_top_three
nested_rolling_730d,2023,2022-12-31,2021-01-01,breakout,breakout_crypto_shrink_90_frozen_vol360,7113e5c35ce0d5e9937b,0.6768600169412988,11.992023443289384,730,0.35,1.0,0.3,weekly,71,False,below_top_three
nested_rolling_730d,2023,2022-12-31,2021-01-01,breakout,breakout_crypto_shrink_80_primary_frozen_vol360,e4c549c5890a2252764a,0.6768600169412988,11.992023443289384,730,0.35,1.0,0.3,weekly,72,False,below_top_three
nested_rolling_730d,2024,2023-12-31,2022-01-01,breakout,breakout_crypto_equal_annual_vol60,57c3dc2949e03866346e,0.872463572216244,53.54666332725515,730,0.4,1.5,0.15,daily,1,True,top_three_distinct_models
nested_rolling_730d,2024,2023-12-31,2022-01-01,breakout,breakout_crypto_equal_quarterly_vol180,481ebac2e581f008cd55,0.813617365244243,48.684433562534146,730,0.4,1.5,0.15,daily,2,True,top_three_distinct_models
nested_rolling_730d,2024,2023-12-31,2022-01-01,breakout,breakout_crypto_shrink_75_quarterly_vol180,eea9cb7678e025cd4bae,0.8057700878280772,48.5598582887383,730,0.4,1.5,0.15,daily,3,True,top_three_distinct_models
nested_rolling_730d,2024,2023-12-31,2022-01-01,breakout,breakout_crypto_shrink_90_quarterly_vol180,1b1a9fb3f3144ce0cc73,0.8049769409594206,48.514459626530574,730,0.4,1.5,0.15,daily,4,False,below_top_three
nested_rolling_730d,2024,2023-12-31,2022-01-01,breakout,breakout_crypto_shrink_80_primary_quarterly_vol180,da586096458cdc7ccfde,0.8049769409594206,48.514459626530574,730,0.4,1.5,0.15,daily,5,False,below_top_three
nested_rolling_730d,2024,2023-12-31,2022-01-01,breakout,breakout_crypto_shrink_75_annual_vol60,bce6fa6ace515a83c022,0.7988390430488788,33.90001365990285,730,0.25,1.0,0.1,daily,6,False,below_top_three
nested_rolling_730d,2024,2023-12-31,2022-01-01,breakout,breakout_carver5_equal_causal_fdm_vol180,dcf869ccf7349bb22a1b,0.7964800818633582,47.265615384942905,730,0.4,1.5,0.15,daily,7,False,below_top_three
nested_rolling_730d,2024,2023-12-31,2022-01-01,breakout,breakout_crypto_shrink_90_annual_vol60,c226d120a13e7adb6331,0.7949057657336115,33.83934697152591,730,0.25,1.0,0.1,daily,8,False,below_top_three
nested_rolling_730d,2024,2023-12-31,2022-01-01,breakout,breakout_crypto_shrink_80_primary_annual_vol60,ded7ae99b14cb9b781ea,0.7949057657336115,33.83934697152591,730,0.25,1.0,0.1,daily,9,False,below_top_three
nested_rolling_730d,2024,2023-12-31,2022-01-01,breakout,breakout_carver5_equal_fixed_fdm_vol180,a281de7826a6d51e1e9b,0.7929621150315171,47.24854939700004,730,0.4,1.5,0.4,daily,10,False,below_top_three
nested_rolling_730d,2024,2023-12-31,2022-01-01,breakout,breakout_crypto_shrink_75_semiannual_vol180,347c0510278a647bf477,0.7702182280024711,31.02203575210788,730,0.25,1.0,0.4,daily,11,False,below_top_three
nested_rolling_730d,2024,2023-12-31,2022-01-01,breakout,breakout_crypto_equal_semiannual_vol180,7ba9d5e7c7309ac9e399,0.7698124265902345,18.68065667808107,730,0.15,1.0,0.35,daily,12,False,below_top_three
nested_rolling_730d,2024,2023-12-31,2022-01-01,breakout,breakout_crypto_shrink_90_semiannual_vol180,024f8cf537cf43ef3d7c,0.7672468206247955,18.59307485495479,730,0.15,1.0,0.35,daily,13,False,below_top_three
nested_rolling_730d,2024,2023-12-31,2022-01-01,breakout,breakout_crypto_shrink_80_primary_semiannual_vol180,e5134fcda99d22deb768,0.7672468206247955,18.59307485495479,730,0.15,1.0,0.35,daily,14,False,below_top_three
nested_rolling_730d,2024,2023-12-31,2022-01-01,breakout,breakout_crypto_equal_quarterly_vol60,cdafacfdf3975c42df38,0.7514365247422164,51.700329682913875,730,0.4,1.5,0.15,daily,15,False,below_top_three
nested_rolling_730d,2024,2023-12-31,2022-01-01,breakout,breakout_crypto_shrink_90_quarterly_vol60,05209a5b8848766b036d,0.7483320083173417,51.390023040156024,730,0.4,1.5,0.2,daily,16,False,below_top_three
nested_rolling_730d,2024,2023-12-31,2022-01-01,breakout,breakout_crypto_shrink_80_primary_quarterly_vol60,2f8d1e85ed0ca9e8bea8,0.7483320083173417,51.390023040156024,730,0.4,1.5,0.25,daily,17,False,below_top_three
nested_rolling_730d,2024,2023-12-31,2022-01-01,breakout,breakout_crypto_shrink_75_quarterly_vol60,0ed902cf2776bc25ffd7,0.747435520687788,51.47494192149395,730,0.4,1.5,0.25,daily,18,False,below_top_three
nested_rolling_730d,2024,2023-12-31,2022-01-01,breakout,breakout_crypto_equal_annual_vol180,b1deeb3ce3aba2a25b3c,0.7332193804960004,43.60885585671514,730,0.35,1.5,0.15,daily,19,False,below_top_three
nested_rolling_730d,2024,2023-12-31,2022-01-01,breakout,breakout_carver5_equal_fixed_fdm_vol60,13120fcf84678fae67cb,0.7250648785689908,50.174068212596595,730,0.4,1.5,0.25,daily,20,False,below_top_three
nested_rolling_730d,2024,2023-12-31,2022-01-01,breakout,breakout_carver5_equal_causal_fdm_vol60,73621ed3ca8eeca083a7,0.7250275472790425,50.22279885598847,730,0.4,1.5,0.15,daily,21,False,below_top_three
nested_rolling_730d,2024,2023-12-31,2022-01-01,breakout,breakout_crypto_equal_annual_vol90,92e8c1c6e2347219dc24,0.6801314798512845,46.05471381468256,730,0.35,1.5,0.15,daily,22,False,below_top_three
nested_rolling_730d,2024,2023-12-31,2022-01-01,breakout,breakout_crypto_shrink_75_semiannual_vol60,59aa6256ca788a9ce362,0.6730759198970592,52.93035515914785,730,0.4,1.5,0.15,daily,23,False,below_top_three
nested_rolling_730d,2024,2023-12-31,2022-01-01,breakout,breakout_crypto_equal_semiannual_vol60,89e00e3262d7950fdb91,0.6718465315268765,53.194247030703956,730,0.4,1.5,0.15,daily,24,False,below_top_three
nested_rolling_730d,2024,2023-12-31,2022-01-01,breakout,breakout_crypto_shrink_90_semiannual_vol60,134b3c2ff5b900f3f44c,0.6697542358793468,52.872425703882584,730,0.4,1.5,0.15,daily,25,False,below_top_three
nested_rolling_730d,2024,2023-12-31,2022-01-01,breakout,breakout_crypto_shrink_80_primary_semiannual_vol60,a8e1d7a1b03ae5c22a46,0.6697542358793468,52.872425703882584,730,0.4,1.5,0.15,daily,26,False,below_top_three
nested_rolling_730d,2024,2023-12-31,2022-01-01,breakout,breakout_crypto_shrink_75_annual_vol180,d68b59c8d5a503555eb8,0.6616407408046141,31.201035338869247,730,0.25,1.0,0.15,daily,27,False,below_top_three
nested_rolling_730d,2024,2023-12-31,2022-01-01,breakout,breakout_crypto_shrink_80_primary_annual_vol180,93a105b0f470529ac3c7,0.6567836830426157,31.148118877547407,730,0.25,1.0,0.15,daily,28,False,below_top_three
nested_rolling_730d,2024,2023-12-31,2022-01-01,breakout,breakout_crypto_shrink_90_annual_vol180,f6a9da1a291829e1c942,0.6567836830426157,31.148118877547407,730,0.25,1.0,0.15,daily,29,False,below_top_three
nested_rolling_730d,2024,2023-12-31,2022-01-01,breakout,breakout_crypto_shrink_75_annual_vol90,35bf8e1a5a31993494ff,0.6309876552651256,46.02088348493307,730,0.35,1.5,0.15,daily,30,False,below_top_three
nested_rolling_730d,2024,2023-12-31,2022-01-01,breakout,breakout_crypto_shrink_80_primary_annual_vol90,b012e230ccd579c55d46,0.6284435945961223,45.92619702489617,730,0.35,1.5,0.15,daily,31,False,below_top_three
nested_rolling_730d,2024,2023-12-31,2022-01-01,breakout,breakout_crypto_shrink_90_annual_vol90,e41bed843914ce7c3769,0.6284435945961223,45.92619702489617,730,0.35,1.5,0.15,daily,32,False,below_top_three
nested_rolling_730d,2024,2023-12-31,2022-01-01,breakout,breakout_crypto_shrink_75_semiannual_vol360,095090dd403c5f2595db,0.623813629363306,17.130738699271618,730,0.15,1.0,0.3,daily,33,False,below_top_three
nested_rolling_730d,2024,2023-12-31,2022-01-01,breakout,breakout_crypto_equal_semiannual_vol360,475826d3da91f3ee4de6,0.6228012296926283,17.212798952176882,730,0.15,1.0,0.25,daily,34,False,below_top_three
nested_rolling_730d,2024,2023-12-31,2022-01-01,breakout,breakout_crypto_shrink_90_semiannual_vol360,208b7a50738bf9cced41,0.6218546941464758,22.81208454267628,730,0.2,1.0,0.25,daily,35,False,below_top_three
nested_rolling_730d,2024,2023-12-31,2022-01-01,breakout,breakout_crypto_shrink_80_primary_semiannual_vol360,27dd25e3142fe2012c9d,0.6218546941464758,22.81208454267628,730,0.2,1.0,0.4,daily,36,False,below_top_three
nested_rolling_730d,2024,2023-12-31,2022-01-01,breakout,breakout_crypto_equal_quarterly_vol360,4089a7102f5ab2749968,0.6187215555615468,28.734380613604326,730,0.25,1.0,0.25,daily,37,False,below_top_three
nested_rolling_730d,2024,2023-12-31,2022-01-01,breakout,breakout_crypto_shrink_90_quarterly_vol360,38700e2684c01a55d34f,0.6149381421706281,22.837186713803177,730,0.2,1.0,0.25,daily,38,False,below_top_three
nested_rolling_730d,2024,2023-12-31,2022-01-01,breakout,breakout_crypto_shrink_80_primary_quarterly_vol360,f09cf8b0857f2165a7f8,0.6149381421706281,22.837186713803177,730,0.2,1.0,0.25,daily,39,False,below_top_three
nested_rolling_730d,2024,2023-12-31,2022-01-01,breakout,breakout_crypto_shrink_75_quarterly_vol360,a7447ab5b351de693c22,0.614364456185362,17.156902188812047,730,0.15,1.0,0.25,daily,40,False,below_top_three
nested_rolling_730d,2024,2023-12-31,2022-01-01,breakout,breakout_carver5_equal_causal_fdm_vol360,ad800d336e2ac96f641e,0.6069606654989823,16.694905731748783,730,0.15,1.0,0.15,daily,41,False,below_top_three
nested_rolling_730d,2024,2023-12-31,2022-01-01,breakout,breakout_carver5_equal_fixed_fdm_vol360,c5d554618e070ba8989f,0.6067162484687671,16.69629020297945,730,0.15,1.0,0.15,daily,42,False,below_top_three
nested_rolling_730d,2024,2023-12-31,2022-01-01,breakout,breakout_crypto_equal_quarterly_vol90,2a4070bf115125b6739a,0.5837856181435556,31.646783736132498,730,0.25,1.0,0.3,daily,43,False,below_top_three
nested_rolling_730d,2024,2023-12-31,2022-01-01,breakout,breakout_crypto_shrink_80_primary_quarterly_vol90,0005425a3f34dfa524e7,0.5834619074528717,31.467808012593608,730,0.25,1.0,0.3,daily,44,False,below_top_three
nested_rolling_730d,2024,2023-12-31,2022-01-01,breakout,breakout_crypto_shrink_90_quarterly_vol90,51733c2b2056d2d187cd,0.5834619074528717,31.467808012593608,730,0.25,1.0,0.4,daily,45,False,below_top_three
nested_rolling_730d,2024,2023-12-31,2022-01-01,breakout,breakout_crypto_shrink_75_quarterly_vol90,0e8ddb5fc3d758e804c2,0.5818821734557985,31.517779628406515,730,0.25,1.0,0.25,daily,46,False,below_top_three
nested_rolling_730d,2024,2023-12-31,2022-01-01,breakout,breakout_carver5_equal_fixed_fdm_vol90,434941e8477e5d58065f,0.5769254779989643,48.52646739845987,730,0.4,1.5,0.15,daily,47,False,below_top_three
nested_rolling_730d,2024,2023-12-31,2022-01-01,breakout,breakout_carver5_equal_causal_fdm_vol90,c08f92af719bd2c0a57f,0.5764612789720074,48.6306629771426,730,0.4,1.5,0.15,daily,48,False,below_top_three
nested_rolling_730d,2024,2023-12-31,2022-01-01,breakout,breakout_crypto_equal_annual_vol360,36cec6bf740f7d401156,0.5081128544580732,17.41141128591013,730,0.15,1.0,0.3,daily,49,False,below_top_three
nested_rolling_730d,2024,2023-12-31,2022-01-01,breakout,breakout_crypto_equal_frozen_vol60,ec7b434ff0a7cc8199e9,0.5074328729898677,47.884932050533315,730,0.35,2.0,0.15,daily,50,False,below_top_three
nested_rolling_730d,2024,2023-12-31,2022-01-01,breakout,breakout_crypto_shrink_75_frozen_vol60,7d0e37daa732c5e0f0ec,0.5074309650900932,34.20356494937314,730,0.25,1.5,0.15,daily,51,False,below_top_three
nested_rolling_730d,2024,2023-12-31,2022-01-01,breakout,breakout_crypto_shrink_90_frozen_vol60,475fd5f634c07a582d95,0.507422428543716,20.522489147402194,730,0.15,1.0,0.15,daily,52,False,below_top_three
nested_rolling_730d,2024,2023-12-31,2022-01-01,breakout,breakout_crypto_shrink_80_primary_frozen_vol60,c9e2a066254fcd622ac6,0.507422428543716,20.522489147402194,730,0.15,1.0,0.15,daily,53,False,below_top_three
nested_rolling_730d,2024,2023-12-31,2022-01-01,breakout,breakout_crypto_shrink_75_semiannual_vol90,3e7323e9fb5eddd208ad,0.5072692304045858,32.404426775121394,730,0.25,1.0,0.15,daily,54,False,below_top_three
nested_rolling_730d,2024,2023-12-31,2022-01-01,breakout,breakout_crypto_shrink_80_primary_semiannual_vol90,ad921ea3d75cd6fc8c04,0.5058926457228383,32.35947845757064,730,0.25,1.0,0.15,daily,55,False,below_top_three
nested_rolling_730d,2024,2023-12-31,2022-01-01,breakout,breakout_crypto_shrink_90_semiannual_vol90,d33a19e7121216ead3c8,0.5058926457228383,32.35947845757064,730,0.25,1.0,0.15,daily,56,False,below_top_three
nested_rolling_730d,2024,2023-12-31,2022-01-01,breakout,breakout_crypto_equal_semiannual_vol90,a9d270764495b42dc9f4,0.5044464619330462,32.587577500641096,730,0.25,1.0,0.15,daily,57,False,below_top_three
nested_rolling_730d,2024,2023-12-31,2022-01-01,breakout,breakout_crypto_shrink_75_annual_vol360,9cec52750a7d1ed9ab2a,0.4492866842998199,17.478882886223346,730,0.15,1.0,0.15,daily,58,False,below_top_three
nested_rolling_730d,2024,2023-12-31,2022-01-01,breakout,breakout_crypto_shrink_80_primary_annual_vol360,c6c3159883fb1409ab2d,0.44523572907028514,40.712039737380174,730,0.35,1.5,0.15,daily,59,False,below_top_three
nested_rolling_730d,2024,2023-12-31,2022-01-01,breakout,breakout_crypto_shrink_90_annual_vol360,e58f0fdcd7e44cb903b8,0.44523572907028514,40.712039737380174,730,0.35,1.5,0.15,daily,60,False,below_top_three
nested_rolling_730d,2024,2023-12-31,2022-01-01,breakout,breakout_crypto_equal_frozen_vol180,068d9feeb6318d2f9a32,0.37771179284614625,20.34685667275652,730,0.15,1.0,0.2,daily,61,False,below_top_three
nested_rolling_730d,2024,2023-12-31,2022-01-01,breakout,breakout_crypto_shrink_75_frozen_vol180,a3b3a092d1063639b45a,0.3777090698282265,33.91145111893185,730,0.25,1.5,0.2,daily,62,False,below_top_three
nested_rolling_730d,2024,2023-12-31,2022-01-01,breakout,breakout_crypto_shrink_90_frozen_vol180,74aba753bb9f879294ef,0.3777006964470407,27.12968691499776,730,0.2,1.0,0.2,daily,63,False,below_top_three
nested_rolling_730d,2024,2023-12-31,2022-01-01,breakout,breakout_crypto_shrink_80_primary_frozen_vol180,d75a0cbb7079b1277de9,0.3777006964470407,27.12968691499776,730,0.2,1.0,0.2,daily,64,False,below_top_three
nested_rolling_730d,2024,2023-12-31,2022-01-01,breakout,breakout_crypto_equal_frozen_vol90,01fc9c14ecc39a10ef32,0.28943452896555866,47.79236811292926,730,0.35,1.5,0.4,daily,65,False,below_top_three
nested_rolling_730d,2024,2023-12-31,2022-01-01,breakout,breakout_crypto_shrink_75_frozen_vol90,0c97ea918a2b74e4a902,0.2894335241142089,47.79244293006569,730,0.35,1.5,0.35,daily,66,False,below_top_three
nested_rolling_730d,2024,2023-12-31,2022-01-01,breakout,breakout_crypto_shrink_80_primary_frozen_vol90,1959f62988295200dd9f,0.28943109818388263,47.79340183122486,730,0.35,1.5,0.25,daily,67,False,below_top_three
nested_rolling_730d,2024,2023-12-31,2022-01-01,breakout,breakout_crypto_shrink_90_frozen_vol90,2fd8e31ae17151eaa656,0.28943109818388263,47.79340183122486,730,0.35,1.5,0.2,daily,68,False,below_top_three
nested_rolling_730d,2024,2023-12-31,2022-01-01,breakout,breakout_crypto_shrink_75_frozen_vol360,9b5e1550b31decb68f21,-0.11592262331305823,47.09875416943784,730,0.4,1.5,0.4,daily,69,False,below_top_three
nested_rolling_730d,2024,2023-12-31,2022-01-01,breakout,breakout_crypto_shrink_90_frozen_vol360,073a66de29e9266f1c02,-0.11601634713993486,47.10175802511591,730,0.4,1.5,0.4,daily,70,False,below_top_three
nested_rolling_730d,2024,2023-12-31,2022-01-01,breakout,breakout_crypto_shrink_80_primary_frozen_vol360,8889135d2bdf450106f6,-0.11601634713993486,47.10175802511591,730,0.4,1.5,0.4,daily,71,False,below_top_three
nested_rolling_730d,2024,2023-12-31,2022-01-01,breakout,breakout_crypto_equal_frozen_vol360,a0d099c2eb2c911c5605,-0.11622466504292504,47.09570472422038,730,0.4,1.5,0.4,daily,72,False,below_top_three
nested_rolling_730d,2025,2024-12-31,2023-01-02,breakout,breakout_crypto_equal_annual_vol60,57c3dc2949e03866346e,1.0257411174232371,64.3457679207615,730,0.4,1.5,0.15,daily,1,True,top_three_distinct_models
nested_rolling_730d,2025,2024-12-31,2023-01-02,breakout,breakout_crypto_equal_quarterly_vol60,cdafacfdf3975c42df38,0.9602795601911983,59.98422322319321,730,0.4,1.5,0.15,daily,2,True,top_three_distinct_models
nested_rolling_730d,2025,2024-12-31,2023-01-02,breakout,breakout_crypto_shrink_75_annual_vol60,1c5e5adeb1c28fc593a7,0.9532739947085863,64.50209538392426,730,0.4,1.5,0.2,daily,3,True,top_three_distinct_models
nested_rolling_730d,2025,2024-12-31,2023-01-02,breakout,breakout_crypto_shrink_80_primary_annual_vol60,9cbe23e0d00dac9114b5,0.9490113509073685,64.41252019628652,730,0.4,1.5,0.15,daily,4,False,below_top_three
nested_rolling_730d,2025,2024-12-31,2023-01-02,breakout,breakout_crypto_shrink_90_annual_vol60,f793eabf30a09d503a97,0.9490113509073685,64.41252019628652,730,0.4,1.5,0.15,daily,5,False,below_top_three
nested_rolling_730d,2025,2024-12-31,2023-01-02,breakout,breakout_crypto_shrink_75_quarterly_vol60,0ed902cf2776bc25ffd7,0.9394589439603536,60.18335427659207,730,0.4,1.5,0.25,daily,6,False,below_top_three
nested_rolling_730d,2025,2024-12-31,2023-01-02,breakout,breakout_crypto_shrink_80_primary_quarterly_vol60,95da83846457c71e5eef,0.9345884979811686,60.26338906628863,730,0.4,1.5,0.15,daily,7,False,below_top_three
nested_rolling_730d,2025,2024-12-31,2023-01-02,breakout,breakout_crypto_shrink_90_quarterly_vol60,a3df1fbbb217dbda7438,0.9345884979811686,60.26338906628863,730,0.4,1.5,0.15,daily,8,False,below_top_three
nested_rolling_730d,2025,2024-12-31,2023-01-02,breakout,breakout_carver5_equal_fixed_fdm_vol60,38785f6b742b5e584156,0.9102814402330222,42.62066210581993,730,0.3,1.0,0.15,daily,9,False,below_top_three
nested_rolling_730d,2025,2024-12-31,2023-01-02,breakout,breakout_carver5_equal_causal_fdm_vol60,fdc85285931049030a3b,0.910270554943654,42.64479010210603,730,0.3,1.0,0.15,daily,10,False,below_top_three
nested_rolling_730d,2025,2024-12-31,2023-01-02,breakout,breakout_crypto_equal_semiannual_vol60,89e00e3262d7950fdb91,0.8459335602418551,61.34532427364682,730,0.4,1.5,0.15,daily,11,False,below_top_three
nested_rolling_730d,2025,2024-12-31,2023-01-02,breakout,breakout_crypto_shrink_75_semiannual_vol60,59aa6256ca788a9ce362,0.8408518461186371,61.4643883948315,730,0.4,1.5,0.15,daily,12,False,below_top_three
nested_rolling_730d,2025,2024-12-31,2023-01-02,breakout,breakout_crypto_shrink_90_semiannual_vol60,134b3c2ff5b900f3f44c,0.8354268743777419,61.50300645130553,730,0.4,1.5,0.15,daily,13,False,below_top_three
nested_rolling_730d,2025,2024-12-31,2023-01-02,breakout,breakout_crypto_shrink_80_primary_semiannual_vol60,a8e1d7a1b03ae5c22a46,0.8354268743777419,61.50300645130553,730,0.4,1.5,0.15,daily,14,False,below_top_three
nested_rolling_730d,2025,2024-12-31,2023-01-02,breakout,breakout_crypto_shrink_90_frozen_vol60,14c00aed5b0e1c49c235,0.7573975928311207,67.05469967078129,730,0.4,1.5,0.15,daily,15,False,below_top_three
nested_rolling_730d,2025,2024-12-31,2023-01-02,breakout,breakout_crypto_shrink_80_primary_frozen_vol60,cda3d99905bd963711cc,0.7573975928311207,67.05469967078129,730,0.4,1.5,0.15,daily,16,False,below_top_three
nested_rolling_730d,2025,2024-12-31,2023-01-02,breakout,breakout_crypto_shrink_75_frozen_vol60,ecbd7fe8071f6f946d70,0.7573967009102712,67.05469843118954,730,0.4,1.5,0.15,daily,17,False,below_top_three
nested_rolling_730d,2025,2024-12-31,2023-01-02,breakout,breakout_crypto_equal_frozen_vol60,41cc155da9e63c0a25d5,0.7573966918402856,67.05469843169004,730,0.4,1.5,0.15,daily,18,False,below_top_three
nested_rolling_730d,2025,2024-12-31,2023-01-02,breakout,breakout_crypto_equal_annual_vol90,3abb2fb27bc745b6e7e4,0.7263369414053844,53.49643551636346,730,0.35,1.5,0.4,daily,19,False,below_top_three
nested_rolling_730d,2025,2024-12-31,2023-01-02,breakout,breakout_crypto_equal_quarterly_vol180,481ebac2e581f008cd55,0.6965594319929481,58.72708632780861,730,0.4,1.5,0.15,daily,20,False,below_top_three
nested_rolling_730d,2025,2024-12-31,2023-01-02,breakout,breakout_crypto_equal_annual_vol180,dd37911db2a6ddf870ab,0.6845523410932031,23.002536634967814,730,0.15,1.0,0.15,daily,21,False,below_top_three
nested_rolling_730d,2025,2024-12-31,2023-01-02,breakout,breakout_crypto_shrink_75_annual_vol90,5afe962eb916488972e4,0.6768812274492251,53.47846785788708,730,0.35,1.5,0.4,daily,22,False,below_top_three
nested_rolling_730d,2025,2024-12-31,2023-01-02,breakout,breakout_crypto_shrink_75_quarterly_vol180,eea9cb7678e025cd4bae,0.6766657826042574,58.9127290045341,730,0.4,1.5,0.15,daily,23,False,below_top_three
nested_rolling_730d,2025,2024-12-31,2023-01-02,breakout,breakout_crypto_equal_quarterly_vol90,ecb3940a7081a1f2e691,0.6745170046450935,35.84965488867495,730,0.25,1.0,0.15,daily,24,False,below_top_three
nested_rolling_730d,2025,2024-12-31,2023-01-02,breakout,breakout_crypto_shrink_80_primary_annual_vol90,b012e230ccd579c55d46,0.6742236057607507,53.386683393445146,730,0.35,1.5,0.15,daily,25,False,below_top_three
nested_rolling_730d,2025,2024-12-31,2023-01-02,breakout,breakout_crypto_shrink_90_annual_vol90,e41bed843914ce7c3769,0.6742236057607507,53.386683393445146,730,0.35,1.5,0.15,daily,26,False,below_top_three
nested_rolling_730d,2025,2024-12-31,2023-01-02,breakout,breakout_crypto_shrink_90_quarterly_vol180,1b1a9fb3f3144ce0cc73,0.6720502508834353,58.985769108009286,730,0.4,1.5,0.15,daily,27,False,below_top_three
nested_rolling_730d,2025,2024-12-31,2023-01-02,breakout,breakout_crypto_shrink_80_primary_quarterly_vol180,da586096458cdc7ccfde,0.6720502508834353,58.985769108009286,730,0.4,1.5,0.15,daily,28,False,below_top_three
nested_rolling_730d,2025,2024-12-31,2023-01-02,breakout,breakout_crypto_shrink_75_quarterly_vol90,77168d33cc1118f6a10e,0.6569456746831297,57.1799826899228,730,0.4,1.5,0.35,daily,29,False,below_top_three
nested_rolling_730d,2025,2024-12-31,2023-01-02,breakout,breakout_carver5_equal_fixed_fdm_vol180,da7103ca63bfb3a4c20b,0.6551676280910119,56.99571843091865,730,0.4,1.5,0.15,daily,30,False,below_top_three
nested_rolling_730d,2025,2024-12-31,2023-01-02,breakout,breakout_carver5_equal_causal_fdm_vol180,dcf869ccf7349bb22a1b,0.6533571510074618,57.00231143558254,730,0.4,1.5,0.15,daily,31,False,below_top_three
nested_rolling_730d,2025,2024-12-31,2023-01-02,breakout,breakout_crypto_shrink_90_quarterly_vol90,1a28a6e8aea74a688b57,0.6531513068441954,57.25508648587729,730,0.4,1.5,0.2,daily,32,False,below_top_three
nested_rolling_730d,2025,2024-12-31,2023-01-02,breakout,breakout_crypto_shrink_80_primary_quarterly_vol90,1e24f4ec72cb483bf232,0.6531513068441954,57.25508648587729,730,0.4,1.5,0.3,daily,33,False,below_top_three
nested_rolling_730d,2025,2024-12-31,2023-01-02,breakout,breakout_carver5_equal_fixed_fdm_vol90,434941e8477e5d58065f,0.6416279135079135,55.166062412786836,730,0.4,1.5,0.15,daily,34,False,below_top_three
nested_rolling_730d,2025,2024-12-31,2023-01-02,breakout,breakout_carver5_equal_causal_fdm_vol90,d5a196de1dd3810e39e1,0.6397488512223305,55.25025381176616,730,0.4,1.5,0.2,daily,35,False,below_top_three
nested_rolling_730d,2025,2024-12-31,2023-01-02,breakout,breakout_crypto_equal_semiannual_vol180,7ba9d5e7c7309ac9e399,0.6378847482467672,22.542670655267404,730,0.15,1.0,0.35,daily,36,False,below_top_three
nested_rolling_730d,2025,2024-12-31,2023-01-02,breakout,breakout_crypto_shrink_75_semiannual_vol180,7e1c18c8034ed9350922,0.635484022770024,22.575581292182576,730,0.15,1.0,0.2,daily,37,False,below_top_three
nested_rolling_730d,2025,2024-12-31,2023-01-02,breakout,breakout_crypto_shrink_80_primary_semiannual_vol180,6cc4b2480988ef28cee1,0.631343978742105,22.58442089975758,730,0.15,1.0,0.2,daily,38,False,below_top_three
nested_rolling_730d,2025,2024-12-31,2023-01-02,breakout,breakout_crypto_shrink_90_semiannual_vol180,f6d4650bb15b5cebc863,0.631343978742105,22.58442089975758,730,0.15,1.0,0.2,daily,39,False,below_top_three
nested_rolling_730d,2025,2024-12-31,2023-01-02,breakout,breakout_crypto_equal_quarterly_vol360,91955e854207fc987bd3,0.618386563213827,22.056827422120847,730,0.15,1.0,0.3,daily,40,False,below_top_three
nested_rolling_730d,2025,2024-12-31,2023-01-02,breakout,breakout_crypto_shrink_75_annual_vol180,d68b59c8d5a503555eb8,0.6116736923047524,38.40601517989542,730,0.25,1.0,0.15,daily,41,False,below_top_three
nested_rolling_730d,2025,2024-12-31,2023-01-02,breakout,breakout_crypto_shrink_80_primary_annual_vol180,1682fbd8a13c7bead4fb,0.6065309701841122,53.696442926228926,730,0.35,1.5,0.15,daily,42,False,below_top_three
nested_rolling_730d,2025,2024-12-31,2023-01-02,breakout,breakout_crypto_shrink_90_annual_vol180,560299118269584436f3,0.6065309701841122,53.696442926228926,730,0.35,1.5,0.15,daily,43,False,below_top_three
nested_rolling_730d,2025,2024-12-31,2023-01-02,breakout,breakout_crypto_shrink_75_quarterly_vol360,d3f2f1f77cea38a874e4,0.6057344066551328,29.49791880866431,730,0.2,1.0,0.25,daily,44,False,below_top_three
nested_rolling_730d,2025,2024-12-31,2023-01-02,breakout,breakout_crypto_shrink_90_quarterly_vol360,38700e2684c01a55d34f,0.6022223922088665,29.52784134821762,730,0.2,1.0,0.25,daily,45,False,below_top_three
nested_rolling_730d,2025,2024-12-31,2023-01-02,breakout,breakout_crypto_shrink_80_primary_quarterly_vol360,f09cf8b0857f2165a7f8,0.6022223922088665,29.52784134821762,730,0.2,1.0,0.25,daily,46,False,below_top_three
nested_rolling_730d,2025,2024-12-31,2023-01-02,breakout,breakout_carver5_equal_fixed_fdm_vol360,4925801372fedbe0bccd,0.5993981652205168,35.62664004499426,730,0.25,1.0,0.15,daily,47,False,below_top_three
nested_rolling_730d,2025,2024-12-31,2023-01-02,breakout,breakout_carver5_equal_causal_fdm_vol360,ecf3a91ff226c7fbc708,0.5947935783929876,28.48140134390597,730,0.2,1.0,0.15,daily,48,False,below_top_three
nested_rolling_730d,2025,2024-12-31,2023-01-02,breakout,breakout_crypto_equal_semiannual_vol360,05a626eeb0dbbd9e6844,0.5934704919503102,29.68973820453696,730,0.2,1.0,0.35,daily,49,False,below_top_three
nested_rolling_730d,2025,2024-12-31,2023-01-02,breakout,breakout_crypto_shrink_75_semiannual_vol360,095090dd403c5f2595db,0.5934393405807232,22.29945852662183,730,0.15,1.0,0.3,daily,50,False,below_top_three
nested_rolling_730d,2025,2024-12-31,2023-01-02,breakout,breakout_crypto_shrink_80_primary_semiannual_vol360,860ddda51faea473d748,0.5905633204526419,22.308139478353752,730,0.15,1.0,0.2,daily,51,False,below_top_three
nested_rolling_730d,2025,2024-12-31,2023-01-02,breakout,breakout_crypto_shrink_90_semiannual_vol360,f58dd0770f88b68ccc0b,0.5905633204526419,22.308139478353752,730,0.15,1.0,0.2,daily,52,False,below_top_three
nested_rolling_730d,2025,2024-12-31,2023-01-02,breakout,breakout_crypto_equal_semiannual_vol90,a9d270764495b42dc9f4,0.5302566256470389,36.97750982497984,730,0.25,1.0,0.15,daily,53,False,below_top_three
nested_rolling_730d,2025,2024-12-31,2023-01-02,breakout,breakout_crypto_shrink_75_semiannual_vol90,3e7323e9fb5eddd208ad,0.5290916938908611,37.02742361272187,730,0.25,1.0,0.15,daily,54,False,below_top_three
nested_rolling_730d,2025,2024-12-31,2023-01-02,breakout,breakout_crypto_shrink_80_primary_semiannual_vol90,ad921ea3d75cd6fc8c04,0.5260402954567532,37.04084715386677,730,0.25,1.0,0.15,daily,55,False,below_top_three
nested_rolling_730d,2025,2024-12-31,2023-01-02,breakout,breakout_crypto_shrink_90_semiannual_vol90,d33a19e7121216ead3c8,0.5260402954567532,37.04084715386677,730,0.25,1.0,0.15,daily,56,False,below_top_three
nested_rolling_730d,2025,2024-12-31,2023-01-02,breakout,breakout_crypto_equal_annual_vol360,9dc84b2b91983d5bdfc0,0.5141061336380709,22.90993500908926,730,0.15,1.0,0.25,daily,57,False,below_top_three
nested_rolling_730d,2025,2024-12-31,2023-01-02,breakout,breakout_crypto_shrink_80_primary_frozen_vol90,9dce6b26c9c731d77ca4,0.5116984531460995,58.02275254504143,730,0.35,1.5,0.15,daily,58,False,below_top_three
nested_rolling_730d,2025,2024-12-31,2023-01-02,breakout,breakout_crypto_shrink_90_frozen_vol90,c93ec1d4ef611d89c265,0.5116984531460995,58.02275254504143,730,0.35,1.5,0.15,daily,59,False,below_top_three
nested_rolling_730d,2025,2024-12-31,2023-01-02,breakout,breakout_crypto_shrink_75_frozen_vol90,af31d750dced89e6ed29,0.5116980739676987,58.02274905197866,730,0.35,1.5,0.15,daily,60,False,below_top_three
nested_rolling_730d,2025,2024-12-31,2023-01-02,breakout,breakout_crypto_equal_frozen_vol90,82c9b5056c95bf7052a6,0.5116980700657804,58.022749030929965,730,0.35,1.5,0.15,daily,61,False,below_top_three
nested_rolling_730d,2025,2024-12-31,2023-01-02,breakout,breakout_crypto_shrink_80_primary_frozen_vol180,2a2fcb1436403eaddd9b,0.46001560003686565,56.802735147053795,730,0.35,1.5,0.1,daily,62,False,below_top_three
nested_rolling_730d,2025,2024-12-31,2023-01-02,breakout,breakout_crypto_shrink_90_frozen_vol180,9ed3691675a33cb6decf,0.46001560003686565,56.802735147053795,730,0.35,1.5,0.1,daily,63,False,below_top_three
nested_rolling_730d,2025,2024-12-31,2023-01-02,breakout,breakout_crypto_shrink_75_frozen_vol180,dbdc6d7dd775c71ff090,0.4600151854778591,24.34402670241746,730,0.15,1.0,0.1,daily,64,False,below_top_three
nested_rolling_730d,2025,2024-12-31,2023-01-02,breakout,breakout_crypto_equal_frozen_vol180,ba071510511952948717,0.46001518390353946,32.458702191856304,730,0.2,1.0,0.1,daily,65,False,below_top_three
nested_rolling_730d,2025,2024-12-31,2023-01-02,breakout,breakout_crypto_shrink_75_annual_vol360,c2f1c18fe2ef997d0a44,0.45853322028409194,53.56534207852831,730,0.35,1.5,0.15,daily,66,False,below_top_three
nested_rolling_730d,2025,2024-12-31,2023-01-02,breakout,breakout_crypto_shrink_80_primary_annual_vol360,06a8f6561ab532a93953,0.4547027469604561,30.579459785766254,730,0.2,1.0,0.15,daily,67,False,below_top_three
nested_rolling_730d,2025,2024-12-31,2023-01-02,breakout,breakout_crypto_shrink_90_annual_vol360,fd36830f3606f7a79ab8,0.4547027469604561,30.579459785766254,730,0.2,1.0,0.15,daily,68,False,below_top_three
nested_rolling_730d,2025,2024-12-31,2023-01-02,breakout,breakout_crypto_shrink_90_frozen_vol360,073a66de29e9266f1c02,0.15164750825851253,58.149514270275716,730,0.4,1.5,0.4,daily,69,False,below_top_three
nested_rolling_730d,2025,2024-12-31,2023-01-02,breakout,breakout_crypto_shrink_80_primary_frozen_vol360,8889135d2bdf450106f6,0.15164750825851253,58.149514270275716,730,0.4,1.5,0.4,daily,70,False,below_top_three
nested_rolling_730d,2025,2024-12-31,2023-01-02,breakout,breakout_crypto_shrink_75_frozen_vol360,9b5e1550b31decb68f21,0.15164728629754512,58.14946931646602,730,0.4,1.5,0.4,daily,71,False,below_top_three
nested_rolling_730d,2025,2024-12-31,2023-01-02,breakout,breakout_crypto_equal_frozen_vol360,a0d099c2eb2c911c5605,0.15164726750843177,58.14946737465627,730,0.4,1.5,0.4,daily,72,False,below_top_three
nested_rolling_730d,2026_ytd,2025-12-31,2024-01-02,breakout,breakout_crypto_equal_frozen_vol60,091813516fc1382bdefa,0.6320869712165648,60.52705355822631,730,0.4,1.5,0.2,daily,1,True,top_three_distinct_models
nested_rolling_730d,2026_ytd,2025-12-31,2024-01-02,breakout,breakout_crypto_shrink_75_frozen_vol60,3fc0d03fee8908c77cad,0.6320869712163592,60.527053558244006,730,0.4,1.5,0.3,daily,2,True,top_three_distinct_models
nested_rolling_730d,2026_ytd,2025-12-31,2024-01-02,breakout,breakout_crypto_shrink_90_frozen_vol60,0efd24cdeb28d39c83ea,0.6320869709922656,60.52705357866132,730,0.4,1.5,0.2,daily,3,True,top_three_distinct_models
nested_rolling_730d,2026_ytd,2025-12-31,2024-01-02,breakout,breakout_crypto_shrink_80_primary_frozen_vol60,54738bb704ae65717a27,0.6320869709922656,60.52705357866132,730,0.4,1.5,0.3,daily,4,False,below_top_three
nested_rolling_730d,2026_ytd,2025-12-31,2024-01-02,breakout,breakout_crypto_equal_frozen_vol90,17f20570b268079c96b1,0.6151580501922426,21.244313705309427,730,0.15,1.0,0.35,daily,5,False,below_top_three
nested_rolling_730d,2026_ytd,2025-12-31,2024-01-02,breakout,breakout_crypto_shrink_75_frozen_vol90,2f1daa4e5b906f8c0ba8,0.6151580501921297,21.244313705316657,730,0.15,1.0,0.25,daily,6,False,below_top_three
nested_rolling_730d,2026_ytd,2025-12-31,2024-01-02,breakout,breakout_crypto_shrink_80_primary_frozen_vol90,0a0e8d2daab00423f824,0.6151580500734066,21.244313713529962,730,0.15,1.0,0.25,daily,7,False,below_top_three
nested_rolling_730d,2026_ytd,2025-12-31,2024-01-02,breakout,breakout_crypto_shrink_90_frozen_vol90,0ed7db2cc1948daab4ab,0.6151580500734066,21.244313713529962,730,0.15,1.0,0.35,daily,8,False,below_top_three
nested_rolling_730d,2026_ytd,2025-12-31,2024-01-02,breakout,breakout_crypto_equal_frozen_vol180,132425962cbaf35b5e71,0.614771972628292,51.32069065832284,730,0.35,1.0,0.4,daily,9,False,below_top_three
nested_rolling_730d,2026_ytd,2025-12-31,2024-01-02,breakout,breakout_crypto_shrink_75_frozen_vol180,57a495673efa54ecd5d5,0.6147719726278499,51.32069065834444,730,0.35,1.0,0.35,daily,10,False,below_top_three
nested_rolling_730d,2026_ytd,2025-12-31,2024-01-02,breakout,breakout_crypto_shrink_90_frozen_vol180,5006276659961a962e39,0.61477197214243,51.320690683485765,730,0.35,1.0,0.4,daily,11,False,below_top_three
nested_rolling_730d,2026_ytd,2025-12-31,2024-01-02,breakout,breakout_crypto_shrink_80_primary_frozen_vol180,85110635e240847b412d,0.61477197214243,51.320690683485765,730,0.35,1.0,0.4,daily,12,False,below_top_three
nested_rolling_730d,2026_ytd,2025-12-31,2024-01-02,breakout,breakout_crypto_equal_annual_vol60,85ea52f8e0eb5388cca3,0.4736228754422598,38.11064020007329,730,0.3,1.0,0.05,daily,13,False,below_top_three
nested_rolling_730d,2026_ytd,2025-12-31,2024-01-02,breakout,breakout_crypto_shrink_80_primary_annual_vol60,039034a8dc9d97e63fe2,0.47047184245637835,38.28988515125603,730,0.3,1.0,0.05,daily,14,False,below_top_three
nested_rolling_730d,2026_ytd,2025-12-31,2024-01-02,breakout,breakout_crypto_shrink_90_annual_vol60,8e20d0898d84dcce4328,0.47047184245637835,38.28988515125603,730,0.3,1.0,0.05,daily,15,False,below_top_three
nested_rolling_730d,2026_ytd,2025-12-31,2024-01-02,breakout,breakout_crypto_shrink_75_annual_vol60,e252da0c354c4af242a4,0.47006283015144046,38.23233549325834,730,0.3,1.0,0.05,daily,16,False,below_top_three
nested_rolling_730d,2026_ytd,2025-12-31,2024-01-02,breakout,breakout_crypto_equal_quarterly_vol60,69f1eaf80ae37f59cb95,0.4367773846740538,45.175545713353515,730,0.35,1.5,0.05,daily,17,False,below_top_three
nested_rolling_730d,2026_ytd,2025-12-31,2024-01-02,breakout,breakout_carver5_equal_fixed_fdm_vol60,feaace1875363942f2a6,0.43019230838211653,32.10041024797993,730,0.25,1.5,0.05,daily,18,False,below_top_three
nested_rolling_730d,2026_ytd,2025-12-31,2024-01-02,breakout,breakout_crypto_shrink_75_quarterly_vol60,9423027906986bea6d2e,0.42382983634775323,25.883378499614317,730,0.2,1.0,0.05,daily,19,False,below_top_three
nested_rolling_730d,2026_ytd,2025-12-31,2024-01-02,breakout,breakout_crypto_shrink_90_quarterly_vol60,8841dc25f28ab957522c,0.42233542250206313,45.35093074160388,730,0.35,1.5,0.05,daily,20,False,below_top_three
nested_rolling_730d,2026_ytd,2025-12-31,2024-01-02,breakout,breakout_crypto_shrink_80_primary_quarterly_vol60,a236d49e435a7d92d8dc,0.42233542250206313,45.35093074160388,730,0.35,1.5,0.05,daily,21,False,below_top_three
nested_rolling_730d,2026_ytd,2025-12-31,2024-01-02,breakout,breakout_carver5_equal_causal_fdm_vol60,71d91e0a0fa1de57ca42,0.4173951418770394,32.0174138324039,730,0.25,1.0,0.05,daily,22,False,below_top_three
nested_rolling_730d,2026_ytd,2025-12-31,2024-01-02,breakout,breakout_crypto_shrink_80_primary_semiannual_vol60,1b3239c7678eeecb711b,0.4008586245151159,31.913566458535367,730,0.25,1.0,0.05,daily,23,False,below_top_three
nested_rolling_730d,2026_ytd,2025-12-31,2024-01-02,breakout,breakout_crypto_shrink_90_semiannual_vol60,c3dff4b8b91c9eb052ad,0.4008586245151159,31.913566458535367,730,0.25,1.0,0.05,daily,24,False,below_top_three
nested_rolling_730d,2026_ytd,2025-12-31,2024-01-02,breakout,breakout_crypto_shrink_75_semiannual_vol60,d1022c239cb197fa47ac,0.40056220142795523,19.127422761430843,730,0.15,1.0,0.05,daily,25,False,below_top_three
nested_rolling_730d,2026_ytd,2025-12-31,2024-01-02,breakout,breakout_crypto_equal_semiannual_vol60,7525cf736353c657396f,0.39919431889936763,19.055738305284933,730,0.15,1.0,0.05,daily,26,False,below_top_three
nested_rolling_730d,2026_ytd,2025-12-31,2024-01-02,breakout,breakout_crypto_equal_quarterly_vol90,2377fab5da889dc12bc7,0.3450778770733809,29.64739855903023,730,0.25,1.0,0.05,daily,27,False,below_top_three
nested_rolling_730d,2026_ytd,2025-12-31,2024-01-02,breakout,breakout_carver5_equal_fixed_fdm_vol90,5f863f8ce0976631cc80,0.3446724435260576,29.459120893035895,730,0.25,1.0,0.05,daily,28,False,below_top_three
nested_rolling_730d,2026_ytd,2025-12-31,2024-01-02,breakout,breakout_crypto_equal_annual_vol90,51c74fa6cafed779c702,0.33820651056788653,23.25101566452375,730,0.2,1.0,0.05,daily,29,False,below_top_three
nested_rolling_730d,2026_ytd,2025-12-31,2024-01-02,breakout,breakout_crypto_shrink_90_annual_vol90,779ec8b3803fae534080,0.33399640812749604,29.207439550558224,730,0.25,1.0,0.05,daily,30,False,below_top_three
nested_rolling_730d,2026_ytd,2025-12-31,2024-01-02,breakout,breakout_crypto_shrink_80_primary_annual_vol90,aeec356ccfca83718be8,0.33399640812749604,29.207439550558224,730,0.25,1.0,0.05,daily,31,False,below_top_three
nested_rolling_730d,2026_ytd,2025-12-31,2024-01-02,breakout,breakout_crypto_shrink_75_annual_vol90,8ddf322e33221b314537,0.3336204613665261,40.82687664981981,730,0.35,1.5,0.05,daily,32,False,below_top_three
nested_rolling_730d,2026_ytd,2025-12-31,2024-01-02,breakout,breakout_crypto_shrink_75_quarterly_vol90,753eb276a8a36500568f,0.3331518546506544,17.85658345233967,730,0.15,1.0,0.05,daily,33,False,below_top_three
nested_rolling_730d,2026_ytd,2025-12-31,2024-01-02,breakout,breakout_crypto_shrink_80_primary_quarterly_vol90,b89c76c40e802eb37337,0.3319038960766756,29.79920087883852,730,0.25,1.0,0.05,daily,34,False,below_top_three
nested_rolling_730d,2026_ytd,2025-12-31,2024-01-02,breakout,breakout_crypto_shrink_90_quarterly_vol90,ea428b820b975bcc84b8,0.3319038960766756,29.79920087883852,730,0.25,1.0,0.05,daily,35,False,below_top_three
nested_rolling_730d,2026_ytd,2025-12-31,2024-01-02,breakout,breakout_carver5_equal_causal_fdm_vol90,f65dcd1f191ee0940579,0.33172636778920017,29.423338072699035,730,0.25,1.0,0.05,daily,36,False,below_top_three
nested_rolling_730d,2026_ytd,2025-12-31,2024-01-02,breakout,breakout_crypto_equal_annual_vol180,be7da1e295b52b2ed70e,0.28656563818096115,28.754791591568306,730,0.25,1.0,0.05,daily,37,False,below_top_three
nested_rolling_730d,2026_ytd,2025-12-31,2024-01-02,breakout,breakout_crypto_shrink_75_annual_vol180,13781950bf08491233e9,0.2809351333615429,23.095080914590287,730,0.2,1.0,0.05,daily,38,False,below_top_three
nested_rolling_730d,2026_ytd,2025-12-31,2024-01-02,breakout,breakout_crypto_shrink_90_annual_vol180,4f22d45be9576b1da441,0.28090806181073935,40.481154937160326,730,0.35,1.5,0.05,daily,39,False,below_top_three
nested_rolling_730d,2026_ytd,2025-12-31,2024-01-02,breakout,breakout_crypto_shrink_80_primary_annual_vol180,ba9ee45d98a9b495100c,0.28090806181073935,40.481154937160326,730,0.35,1.5,0.05,daily,40,False,below_top_three
nested_rolling_730d,2026_ytd,2025-12-31,2024-01-02,breakout,breakout_crypto_shrink_90_semiannual_vol90,43e9f32342ff17372d86,0.2598296834695319,17.858516260181826,730,0.15,1.0,0.05,daily,41,False,below_top_three
nested_rolling_730d,2026_ytd,2025-12-31,2024-01-02,breakout,breakout_crypto_shrink_80_primary_semiannual_vol90,553d002b77fa1d05a517,0.2598296834695319,17.858516260181826,730,0.15,1.0,0.05,daily,42,False,below_top_three
nested_rolling_730d,2026_ytd,2025-12-31,2024-01-02,breakout,breakout_crypto_shrink_75_semiannual_vol90,3aeb09260495d43d440f,0.2592278122269524,41.624106855906,730,0.35,1.5,0.05,daily,43,False,below_top_three
nested_rolling_730d,2026_ytd,2025-12-31,2024-01-02,breakout,breakout_crypto_equal_semiannual_vol90,ed021875fea068b26980,0.25583840561420734,41.48563688234134,730,0.35,1.5,0.05,daily,44,False,below_top_three
nested_rolling_730d,2026_ytd,2025-12-31,2024-01-02,breakout,breakout_crypto_equal_frozen_vol360,3f11a6ff3b941c7f31a3,0.25334739922652666,38.046361663418544,730,0.3,1.0,0.4,daily,45,False,below_top_three
nested_rolling_730d,2026_ytd,2025-12-31,2024-01-02,breakout,breakout_crypto_shrink_75_frozen_vol360,8aea3deaf9ff41be87f8,0.25334739917888577,38.046361663127605,730,0.3,1.0,0.4,daily,46,False,below_top_three
nested_rolling_730d,2026_ytd,2025-12-31,2024-01-02,breakout,breakout_crypto_shrink_90_frozen_vol360,05108e0472e5139e65df,0.25334739163078374,38.046361607359486,730,0.3,1.0,0.4,daily,47,False,below_top_three
nested_rolling_730d,2026_ytd,2025-12-31,2024-01-02,breakout,breakout_crypto_shrink_80_primary_frozen_vol360,b50a09ff46fcac0cbc8c,0.25334739163078374,38.046361607359486,730,0.3,1.0,0.4,daily,48,False,below_top_three
nested_rolling_730d,2026_ytd,2025-12-31,2024-01-02,breakout,breakout_carver5_equal_fixed_fdm_vol180,f2eb6a8010828522933c,0.18261478674315312,28.556116529880825,730,0.25,1.0,0.05,daily,49,False,below_top_three
nested_rolling_730d,2026_ytd,2025-12-31,2024-01-02,breakout,breakout_crypto_equal_quarterly_vol180,b666c75d4c24687d6957,0.17911605151106672,28.84577807272273,730,0.25,1.0,0.05,daily,50,False,below_top_three
nested_rolling_730d,2026_ytd,2025-12-31,2024-01-02,breakout,breakout_crypto_shrink_90_semiannual_vol180,d61e248e130b45ccbe19,0.17651893126024165,17.577922608359998,730,0.15,1.0,0.05,daily,51,False,below_top_three
nested_rolling_730d,2026_ytd,2025-12-31,2024-01-02,breakout,breakout_crypto_shrink_80_primary_semiannual_vol180,ef9dc3be6c861c04ac15,0.17651893126024165,17.577922608359998,730,0.15,1.0,0.05,daily,52,False,below_top_three
nested_rolling_730d,2026_ytd,2025-12-31,2024-01-02,breakout,breakout_crypto_shrink_75_semiannual_vol180,d556c6a4dee946d47917,0.17599008653209058,17.558219356040674,730,0.15,1.0,0.05,daily,53,False,below_top_three
nested_rolling_730d,2026_ytd,2025-12-31,2024-01-02,breakout,breakout_crypto_equal_semiannual_vol180,23afddc582dfd05f2e85,0.17366267426938778,23.32539653382592,730,0.2,1.0,0.05,daily,54,False,below_top_three
nested_rolling_730d,2026_ytd,2025-12-31,2024-01-02,breakout,breakout_carver5_equal_causal_fdm_vol180,50cc0f13e7c3b28d7bff,0.17302953781636998,22.849523409993672,730,0.2,1.0,0.05,daily,55,False,below_top_three
nested_rolling_730d,2026_ytd,2025-12-31,2024-01-02,breakout,breakout_crypto_shrink_75_quarterly_vol180,272c7fc5ca1d9e4cc555,0.16927027215504767,17.369082046332394,730,0.15,1.0,0.05,daily,56,False,below_top_three
nested_rolling_730d,2026_ytd,2025-12-31,2024-01-02,breakout,breakout_crypto_shrink_80_primary_quarterly_vol180,538173888db4063eae2a,0.1680740351301708,23.188589870944423,730,0.2,1.0,0.05,daily,57,False,below_top_three
nested_rolling_730d,2026_ytd,2025-12-31,2024-01-02,breakout,breakout_crypto_shrink_90_quarterly_vol180,c8983c5729bff91e26fd,0.1680740351301708,23.188589870944423,730,0.2,1.0,0.05,daily,58,False,below_top_three
nested_rolling_730d,2026_ytd,2025-12-31,2024-01-02,breakout,breakout_crypto_equal_annual_vol360,d03064126a3f826f089c,0.1577400664923562,40.1852751963085,730,0.35,1.5,0.05,daily,59,False,below_top_three
nested_rolling_730d,2026_ytd,2025-12-31,2024-01-02,breakout,breakout_crypto_shrink_80_primary_annual_vol360,3b49f5141db79fda7edd,0.15125744043585843,17.33720062704481,730,0.15,1.0,0.05,daily,60,False,below_top_three
nested_rolling_730d,2026_ytd,2025-12-31,2024-01-02,breakout,breakout_crypto_shrink_90_annual_vol360,4c37a43cb62e2a2187bc,0.15125744043585843,17.33720062704481,730,0.15,1.0,0.05,daily,61,False,below_top_three
nested_rolling_730d,2026_ytd,2025-12-31,2024-01-02,breakout,breakout_crypto_shrink_75_annual_vol360,3c6cd3e19a7543e8838f,0.15116259486283473,23.072856734113035,730,0.2,1.0,0.05,daily,62,False,below_top_three
nested_rolling_730d,2026_ytd,2025-12-31,2024-01-02,breakout,breakout_crypto_shrink_80_primary_semiannual_vol360,af92f26150525078d793,0.11071996909760377,17.364122943838055,730,0.15,1.0,0.05,daily,63,False,below_top_three
nested_rolling_730d,2026_ytd,2025-12-31,2024-01-02,breakout,breakout_crypto_shrink_90_semiannual_vol360,d2de93203c9f701d3766,0.11071996909760377,17.364122943838055,730,0.15,1.0,0.05,daily,64,False,below_top_three
nested_rolling_730d,2026_ytd,2025-12-31,2024-01-02,breakout,breakout_crypto_shrink_75_semiannual_vol360,63992e9274e2b5781f5f,0.11009318386261685,40.471651623680785,730,0.35,1.5,0.05,daily,65,False,below_top_three
nested_rolling_730d,2026_ytd,2025-12-31,2024-01-02,breakout,breakout_crypto_equal_semiannual_vol360,353a1cdda2ab083acbec,0.10570981911863733,17.2911414145348,730,0.15,1.0,0.05,daily,66,False,below_top_three
nested_rolling_730d,2026_ytd,2025-12-31,2024-01-02,breakout,breakout_carver5_equal_fixed_fdm_vol360,06c52f368c77d8095079,0.09912701282684548,22.630836210925207,730,0.2,1.0,0.05,daily,67,False,below_top_three
nested_rolling_730d,2026_ytd,2025-12-31,2024-01-02,breakout,breakout_carver5_equal_causal_fdm_vol360,de73d32044ac911159be,0.09446217274085171,22.6710248163194,730,0.2,1.0,0.05,daily,68,False,below_top_three
nested_rolling_730d,2026_ytd,2025-12-31,2024-01-02,breakout,breakout_crypto_equal_quarterly_vol360,2e2260cfecc4bca2db4a,0.08701387064747511,28.818485846002382,730,0.25,1.0,0.05,daily,69,False,below_top_three
nested_rolling_730d,2026_ytd,2025-12-31,2024-01-02,breakout,breakout_crypto_shrink_75_quarterly_vol360,c7a10d6ac7d32fcc78a5,0.07920452618612957,23.121796265584106,730,0.2,1.0,0.05,daily,70,False,below_top_three
nested_rolling_730d,2026_ytd,2025-12-31,2024-01-02,breakout,breakout_crypto_shrink_90_quarterly_vol360,20a9bb18037df3d6703d,0.0779028068239345,23.148341892396864,730,0.2,1.0,0.05,daily,71,False,below_top_three
nested_rolling_730d,2026_ytd,2025-12-31,2024-01-02,breakout,breakout_crypto_shrink_80_primary_quarterly_vol360,9bce4befd5ef056637dc,0.0779028068239345,23.148341892396864,730,0.2,1.0,0.05,daily,72,False,below_top_three
